000000000025
000000000061
000000000077
000000000109
000000000192
000000000307
000000000368
000000000419
000000000490
000000000531
000000000581
000000000625
000000000670
000000000690
000000000735
000000000801
000000000839
000000000923
000000000943
000000001014
000000001063
000000001099
000000001122
000000001213
000000001270
000000001330
000000001355
000000001375
000000001407
000000001453
000000001497
000000001525
000000001589
000000001637
000000001674
000000001722
000000001762
000000001779
000000001803
000000001856
000000001924
000000001987
000000002014
000000002072
000000002150
000000002184
000000002235
000000002278
000000002296
000000002342
000000002402
000000002448
000000002498
000000002536
000000002559
000000002608
000000002621
000000002684
000000002758
000000002782
000000002890
000000002931
000000002998
000000003076
000000003118
000000003160
000000003224
000000003276
000000003326
000000003398
000000003461
000000003538
000000003623
000000003713
000000003771
000000003830
000000003860
000000003899
000000003964
000000004066
000000004080
000000004132
000000004201
000000004245
000000004286
000000004309
000000004338
000000004410
000000004462
000000004490
000000004517
000000004555
000000004624
000000004700
000000004716
000000004754
000000004785
000000004876
000000004901
000000004970
000000005005
000000005028
000000005064
000000005086
000000005105
000000005146
000000005178
000000005259
000000005312
000000005328
000000005355
000000005394
000000005437
000000005471
000000005486
000000005522
000000005564
000000005620
000000005669
000000005690
000000005703
000000005769
000000005809
000000005830
000000005907
000000005933
000000006004
000000006041
000000006107
000000006160
000000006200
000000006241
000000006318
000000006338
000000006380
000000006426
000000006497
000000006527
000000006560
000000006602
000000006664
000000006709
000000006720
000000006753
000000006783
000000006824
000000006873
000000006998
000000007048
000000007123
000000007159
000000007205
000000007267
000000007298
000000007333
000000007414
000000007503
000000007517
000000007566
000000007593
000000007650
000000007677
000000007713
000000007729
000000007762
000000007796
000000007838
000000007938
000000007989
000000008010
000000008053
000000008065
000000008119
000000008181
000000008190
000000008228
000000008292
000000008320
000000008341
000000008401
000000008433
000000008457
000000008493
000000008531
000000008553
000000008595
000000008647
000000008686
000000008746
000000008789
000000008807
000000008830
000000008881
000000008944
000000009016
000000009057
000000009112
000000009142
000000009190
000000009217
000000009286
000000009322
000000009409
000000009450
000000009474
000000009517
000000009557
000000009615
000000009673
000000009707
000000009727
000000009763
000000009809
000000009836
000000009895
000000009946
000000010012
000000010039
000000010097
000000010115
000000010205
000000010219
000000010256
000000010290
000000010327
000000010369
000000010405
000000010442
000000010472
000000010540
000000010600
000000010643
000000010678
000000010689
000000010711
000000010732
000000010800
000000010867
000000010936
000000011004
000000011052
000000011158
000000011188
000000011238
000000011265
000000011305
000000011326
000000011360
000000011402
000000011497
000000011525
000000011567
000000011605
000000011625
000000011673
000000011712
000000011727
000000011766
000000011831
000000011926
000000012016
000000012096
000000012107
000000012147
000000012183
000000012213
000000012302
000000012321
000000012382
000000012408
000000012421
000000012459
000000012475
000000012524
000000012552
000000012641
000000012706
000000012757
000000012817
000000012825
000000012881
000000012916
000000012943
000000012986
000000013031
000000013124
000000013150
000000013195
000000013228
000000013279
000000013325
000000013356
000000013397
000000013463
000000013492
000000013616
000000013714
000000013769
000000013843
000000013904
000000013934
000000013959
000000013992
000000014029
000000014103
000000014135
000000014175
000000014257
000000014278
000000014307
000000014352
000000014392
000000014468
000000014514
000000014547
000000014600
000000014630
000000014683
000000014730
000000014750
000000014801
000000014844
000000014861
000000014873
000000014921
000000015002
000000015017
000000015062
000000015089
000000015113
000000015175
000000015249
000000015276
000000015302
000000015329
000000015404
000000015496
000000015569
000000015599
000000015652
000000015733
000000015797
000000015830
000000015851
000000015902
000000015919
000000015984
000000016040
000000016071
000000016111
000000016164
000000016206
000000016240
000000016255
000000016314
000000016344
000000016364
000000016486
000000016520
000000016531
000000016573
000000016605
000000016659
000000016673
000000016706
000000016730
000000016805
000000016879
000000016928
000000016964
000000017047
000000017078
000000017105
000000017167
000000017183
000000017226
000000017282
000000017324
000000017365
000000017429
000000017474
000000017526
000000017585
000000017604
000000017644
000000017676
000000017708
000000017766
000000017859
000000017873
000000017927
000000017946
000000018000
000000018048
000000018089
000000018136
000000018171
000000018201
000000018250
000000018291
000000018312
000000018367
000000018425
000000018464
000000018513
000000018535
000000018687
000000018736
000000018751
000000018801
000000018874
000000018918
000000018958
000000019015
000000019047
000000019085
000000019136
000000019181
000000019239
000000019304
000000019322
000000019380
000000019391
000000019444
000000019471
000000019542
000000019581
000000019637
000000019671
000000019707
000000019766
000000019818
000000019890
000000019918
000000019962
000000020013
000000020106
000000020145
000000020172
000000020193
000000020261
000000020315
000000020444
000000020512
000000020536
000000020579
000000020640
000000020707
000000020770
000000020784
000000020839
000000020912
000000020972
000000021003
000000021046
000000021061
000000021084
000000021136
000000021175
000000021204
000000021235
000000021284
000000021330
000000021364
000000021384
000000021419
000000021496
000000021553
000000021599
000000021645
000000021678
000000021746
000000021864
000000021919
000000021945
000000021981
000000022012
000000022051
000000022085
000000022118
000000022166
000000022176
000000022196
000000022224
000000022281
000000022377
000000022432
000000022488
000000022529
000000022582
000000022626
000000022649
000000022710
000000022793
000000022806
000000022870
000000022940
000000023000
000000023038
000000023096
000000023162
000000023200
000000023275
000000023301
000000023369
000000023395
000000023433
000000023487
000000023539
000000023584
000000023630
000000023660
000000023677
000000023703
000000023759
000000023895
000000023951
000000024019
000000024053
000000024095
000000024106
000000024193
000000024242
000000024285
000000024323
000000024375
000000024416
000000024458
000000024522
000000024582
000000024621
000000024637
000000024702
000000024728
000000024778
000000024828
000000024880
000000024924
000000024938
000000024996
000000025024
000000025100
000000025144
000000025172
000000025234
000000025252
000000025322
000000025360
000000025388
000000025433
000000025470
000000025517
000000025548
000000025621
000000025649
000000025743
000000025777
000000025807
000000025820
000000025886
000000025959
000000025997
000000026025
000000026051
000000026072
000000026101
000000026111
000000026147
000000026164
000000026174
000000026200
000000026247
000000026302
000000026362
000000026368
000000026409
000000026425
000000026445
000000026497
000000026522
000000026538
000000026576
000000026617
000000026652
000000026697
000000026767
000000026817
000000026865
000000026944
000000027006
000000027063
000000027105
000000027157
000000027207
000000027226
000000027272
000000027307
000000027343
000000027371
000000027394
000000027440
000000027471
000000027513
000000027540
000000027565
000000027593
000000027662
000000027701
000000027756
000000027789
000000027844
000000027873
000000027917
000000027937
000000027980
000000028011
000000028044
000000028093
000000028110
000000028131
000000028174
000000028209
000000028239
000000028260
000000028336
000000028385
000000028420
000000028503
000000028576
000000028654
000000028675
000000028738
000000028802
000000028826
000000028868
000000028881
000000028930
000000028976
000000029020
000000029080
000000029122
000000029151
000000029170
000000029224
000000029288
000000029327
000000029377
000000029406
000000029437
000000029466
000000029509
000000029564
000000029600
000000029639
000000029698
000000029732
000000029794
000000029839
000000029875
000000029909
000000029934
000000029964
000000030055
000000030109
000000030142
000000030195
000000030238
000000030255
000000030289
000000030314
000000030334
000000030381
000000030395
000000030429
000000030470
000000030492
000000030534
000000030608
000000030646
000000030685
000000030722
000000030764
000000030822
000000030875
000000030925
000000031017
000000031057
000000031078
000000031164
000000031258
000000031324
000000031339
000000031376
000000031451
000000031519
000000031588
000000031642
000000031678
000000031747
000000031798
000000031865
000000031919
000000032054
000000032071
000000032102
000000032147
000000032193
000000032248
000000032289
000000032331
000000032367
000000032442
000000032471
000000032574
000000032587
000000032629
000000032664
000000032673
000000032689
000000032707
000000032724
000000032773
000000032812
000000032877
000000032907
000000032985
000000033042
000000033061
000000033077
000000033175
000000033204
000000033251
000000033315
000000033345
000000033377
000000033422
000000033442
000000033554
000000033608
000000033634
000000033650
000000033672
000000033717
000000033742
000000033787
000000033820
000000033861
000000033891
000000033939
000000033958
000000034014
000000034063
000000034114
000000034164
000000034193
000000034246
000000034299
000000034381
000000034431
000000034464
000000034508
000000034571
000000034625
000000034674
000000034689
000000034777
000000034820
000000034855
000000034900
000000034961
000000035008
000000035032
000000035126
000000035217
000000035241
000000035297
000000035352
000000035401
000000035424
000000035451
000000035478
000000035526
000000035580
000000035677
000000035717
000000035760
000000035783
000000035818
000000035887
000000035899
000000035936
000000035962
000000036022
000000036057
000000036090
000000036196
000000036226
000000036278
000000036341
000000036382
000000036425
000000036492
000000036546
000000036693
000000036728
000000036776
000000036805
000000036827
000000036850
000000036915
000000036948
000000036996
000000037032
000000037102
000000037126
000000037177
000000037205
000000037325
000000037354
000000037401
000000037458
000000037519
000000037567
000000037666
000000037682
000000037709
000000037748
000000037830
000000037871
000000037953
000000038000
000000038030
000000038055
000000038117
000000038180
000000038256
000000038310
000000038357
000000038411
000000038465
000000038531
000000038552
000000038589
000000038645
000000038729
000000038752
000000038798
000000038838
000000038886
000000038904
000000038934
000000039012
000000039068
000000039098
000000039131
000000039155
000000039225
000000039270
000000039309
000000039322
000000039399
000000039467
000000039509
000000039588
000000039632
000000039698
000000039754
000000039790
000000039846
000000039888
000000039958
000000039993
000000040016
000000040056
000000040085
000000040111
000000040158
000000040228
000000040305
000000040380
000000040470
000000040517
000000040572
000000040621
000000040711
000000040779
000000040813
000000040886
000000040930
000000040966
000000040995
000000041119
000000041180
000000041225
000000041247
000000041293
000000041356
000000041389
000000041437
000000041489
000000041568
000000041606
000000041658
000000041711
000000041771
000000041785
000000041839
000000041859
000000041920
000000041959
000000041998
000000042069
000000042105
000000042144
000000042166
000000042209
000000042278
000000042339
000000042366
000000042387
000000042439
000000042476
000000042499
000000042516
000000042578
000000042620
000000042675
000000042697
000000042760
000000042818
000000042849
000000042870
000000042919
000000042953
000000042968
000000043007
000000043049
000000043133
000000043170
000000043218
000000043266
000000043290
000000043324
000000043347
000000043392
000000043431
000000043464
000000043511
000000043543
000000043566
000000043601
000000043610
000000043635
000000043678
000000043758
000000043795
000000043838
000000043919
000000043968
000000044039
000000044093
000000044160
000000044227
000000044332
000000044352
000000044372
000000044420
000000044471
000000044504
000000044536
000000044583
000000044642
000000044672
000000044732
000000044792
000000044820
000000044858
000000044923
000000044953
000000044995
000000045040
000000045084
000000045110
000000045175
000000045193
000000045248
000000045283
000000045335
000000045359
000000045387
000000045406
000000045446
000000045492
000000045535
000000045554
000000045593
000000045627
000000045668
000000045693
000000045768
000000045828
000000045885
000000045974
000000046004
000000046056
000000046104
000000046152
000000046195
000000046263
000000046310
000000046365
000000046408
000000046467
000000046526
000000046545
000000046608
000000046674
000000046737
000000046816
000000046883
000000046936
000000047004
000000047071
000000047151
000000047181
000000047203
000000047281
000000047346
000000047396
000000047418
000000047471
000000047526
000000047552
000000047589
000000047614
000000047629
000000047640
000000047692
000000047734
000000047813
000000047879
000000047936
000000047973
000000048001
000000048047
000000048118
000000048165
000000048201
000000048229
000000048263
000000048304
000000048340
000000048388
000000048489
000000048558
000000048636
000000048670
000000048692
000000048742
000000048759
000000048825
000000048867
000000048907
000000048931
000000048972
000000049058
000000049115
000000049183
000000049194
000000049275
000000049331
000000049378
000000049413
000000049450
000000049549
000000049559
000000049611
000000049662
000000049716
000000049731
000000049819
000000049884
000000049913
000000049994
000000050049
000000050099
000000050117
000000050168
000000050206
000000050242
000000050309
000000050355
000000050392
000000050410
000000050464
000000050493
000000050552
000000050592
000000050627
000000050658
000000050695
000000050740
000000050753
000000050782
000000050863
000000050952
000000050988
000000051041
000000051089
000000051149
000000051181
000000051249
000000051270
000000051342
000000051437
000000051512
000000051549
000000051620
000000051680
000000051706
000000051741
000000051773
000000051793
000000051898
000000051946
000000051984
000000052035
000000052090
000000052109
000000052153
000000052209
000000052281
000000052320
000000052348
000000052383
000000052425
000000052498
000000052582
000000052624
000000052669
000000052751
000000052773
000000052827
000000052853
000000052886
000000052951
000000052986
000000053081
000000053120
000000053145
000000053223
000000053360
000000053426
000000053455
000000053496
000000053533
000000053597
000000053662
000000053691
000000053733
000000053806
000000053842
000000053907
000000053956
000000054007
000000054038
000000054082
000000054162
000000054192
000000054254
000000054301
000000054334
000000054351
000000054402
000000054452
000000054513
000000054572
000000054607
000000054652
000000054696
000000054736
000000054763
000000054850
000000054875
000000054918
000000054966
000000055049
000000055077
000000055118
000000055169
000000055272
000000055317
000000055410
000000055443
000000055493
000000055516
000000055544
000000055580
000000055637
000000055682
000000055737
000000055805
000000055859
000000055915
000000055981
000000056042
000000056075
000000056119
000000056160
000000056250
000000056302
000000056313
000000056362
000000056426
000000056499
000000056544
000000056572
000000056638
000000056668
000000056684
000000056725
000000056753
000000056845
000000056859
000000056896
000000056963
000000057005
000000057071
000000057115
000000057157
000000057213
000000057256
000000057306
000000057340
000000057363
000000057390
000000057454
000000057487
000000057548
000000057617
000000057676
000000057707
000000057764
000000057864
000000057885
000000057919
000000057978
000000058046
000000058102
000000058107
000000058141
000000058210
000000058241
000000058270
000000058325
000000058351
000000058407
000000058465
000000058522
000000058563
000000058627
000000058647
000000058666
000000058701
000000058741
000000058772
000000058851
000000058910
000000058930
000000058973
000000059042
000000059110
000000059142
000000059171
000000059218
000000059237
000000059309
000000059322
000000059352
000000059393
000000059455
000000059471
000000059494
000000059550
000000059622
000000059660
000000059732
000000059752
000000059843
000000059906
000000059934
000000059961
000000059979
000000060018
000000060056
000000060081
000000060140
000000060179
000000060285
000000060319
000000060340
000000060415
000000060437
000000060483
000000060529
000000060600
000000060678
000000060688
000000060720
000000060775
000000060868
000000060904
000000060988
000000061045
000000061072
000000061138
000000061196
000000061231
000000061293
000000061395
000000061422
000000061494
000000061515
000000061532
000000061566
000000061588
000000061605
000000061698
000000061732
000000061779
000000061822
000000061850
000000061897
000000061943
000000061972
000000062020
000000062041
000000062127
000000062167
000000062200
000000062226
000000062295
000000062307
000000062351
000000062397
000000062426
000000062443
000000062474
000000062500
000000062557
000000062613
000000062657
000000062710
000000062756
000000062815
000000062831
000000062865
000000062889
000000062985
000000063036
000000063081
000000063144
000000063217
000000063252
000000063307
000000063334
000000063394
000000063418
000000063486
000000063498
000000063549
000000063566
000000063595
000000063661
000000063729
000000063791
000000063818
000000063879
000000063890
000000063918
000000064001
000000064036
000000064088
000000064136
000000064189
000000064233
000000064256
000000064314
000000064342
000000064390
000000064440
000000064497
000000064520
000000064593
000000064626
000000064705
000000064746
000000064797
000000064816
000000064884
000000064941
000000064974
000000065016
000000065047
000000065113
000000065156
000000065179
000000065197
000000065211
000000065239
000000065262
000000065325
000000065360
000000065415
000000065463
000000065516
000000065601
000000065630
000000065755
000000065829
000000065859
000000065869
000000065896
000000065924
000000065957
000000065982
000000066008
000000066064
000000066087
000000066151
000000066191
000000066238
000000066255
000000066292
000000066325
000000066347
000000066385
000000066427
000000066483
000000066493
000000066510
000000066543
000000066652
000000066676
000000066711
000000066755
000000066800
000000066839
000000066879
000000066943
000000067018
000000067057
000000067084
000000067117
000000067222
000000067255
000000067297
000000067361
000000067419
000000067445
000000067470
000000067496
000000067548
000000067593
000000067623
000000067663
000000067726
000000067749
000000067788
000000067838
000000067871
000000067917
000000067953
000000067994
000000068032
000000068075
000000068125
000000068149
000000068203
000000068231
000000068257
000000068305
000000068375
000000068408
000000068442
000000068520
000000068572
000000068601
000000068625
000000068662
000000068713
000000068751
000000068801
000000068838
000000068894
000000068956
000000069008
000000069054
000000069117
000000069188
000000069223
000000069266
000000069311
000000069340
000000069373
000000069410
000000069428
000000069494
000000069514
000000069544
000000069578
000000069599
000000069705
000000069768
000000069860
000000069911
000000069936
000000069965
000000070011
000000070104
000000070178
000000070230
000000070257
000000070269
000000070285
000000070321
000000070336
000000070387
000000070444
000000070557
000000070600
000000070642
000000070688
000000070761
000000070794
000000070829
000000070871
000000070913
000000070935
000000071006
000000071043
000000071095
000000071124
000000071218
000000071232
000000071283
000000071322
000000071344
000000071385
000000071429
000000071492
000000071516
000000071589
000000071629
000000071691
000000071719
000000071735
000000071796
000000071855
000000071880
000000071911
000000071964
000000071986
000000072018
000000072091
000000072120
000000072156
000000072216
000000072255
000000072342
000000072391
000000072466
000000072539
000000072573
000000072650
000000072704
000000072716
000000072770
000000072843
000000072861
000000072888
000000072901
000000072910
000000072935
000000072978
000000073029
000000073064
000000073120
000000073172
000000073206
000000073302
000000073374
000000073437
000000073461
000000073527
000000073591
000000073660
000000073685
000000073707
000000073727
000000073814
000000073843
000000073892
000000073936
000000073976
000000074007
000000074060
000000074080
000000074110
000000074132
000000074176
000000074280
000000074328
000000074348
000000074364
000000074390
000000074412
000000074458
000000074465
000000074523
000000074572
000000074599
000000074711
000000074787
000000074828
000000074853
000000074901
000000074963
000000075001
000000075033
000000075065
000000075090
000000075120
000000075146
000000075190
000000075234
000000075266
000000075311
000000075373
000000075415
000000075458
000000075481
000000075521
000000075552
000000075581
000000075607
000000075663
000000075708
000000075735
000000075760
000000075786
000000075866
000000075898
000000075925
000000075965
000000076026
000000076082
000000076149
000000076213
000000076268
000000076329
000000076405
000000076491
000000076571
000000076595
000000076636
000000076721
000000076776
000000076804
000000076844
000000076901
000000076918
000000076978
000000077018
000000077063
000000077100
000000077151
000000077172
000000077296
000000077318
000000077375
000000077455
000000077517
000000077556
000000077596
000000077650
000000077745
000000077814
000000077849
000000077874
000000077926
000000077979
000000078035
000000078059
000000078075
000000078113
000000078213
000000078286
000000078336
000000078429
000000078488
000000078537
000000078575
000000078609
000000078681
000000078696
000000078729
000000078797
000000078865
000000078920
000000078947
000000079069
000000079104
000000079143
000000079217
000000079258
000000079274
000000079331
000000079362
000000079407
000000079460
000000079495
000000079530
000000079567
000000079606
000000079632
000000079696
000000079768
000000079868
000000079905
000000079930
000000079975
000000080043
000000080104
000000080165
000000080279
000000080316
000000080389
000000080422
000000080441
000000080480
000000080521
000000080549
000000080708
000000080738
000000080801
000000080864
000000080928
000000080969
000000081020
000000081081
000000081107
000000081128
000000081199
000000081224
000000081286
000000081317
000000081372
000000081390
000000081416
000000081461
000000081505
000000081592
000000081630
000000081691
000000081735
000000081787
000000081819
000000081894
000000081943
000000081964
000000082005
000000082048
000000082118
000000082142
000000082198
000000082259
000000082324
000000082363
000000082405
000000082462
000000082508
000000082530
000000082585
000000082650
000000082704
000000082737
000000082766
000000082796
000000082834
000000082873
000000082901
000000082933
000000082957
000000083023
000000083060
000000083090
000000083147
000000083167
000000083235
000000083260
000000083277
000000083348
000000083393
000000083448
000000083468
000000083487
000000083548
000000083587
000000083625
000000083656
000000083725
000000083755
000000083815
000000083914
000000083950
000000083986
000000084000
000000084040
000000084089
000000084124
000000084157
000000084193
000000084222
000000084283
000000084341
000000084403
000000084488
000000084540
000000084582
000000084683
000000084731
000000084776
000000084786
000000084839
000000084870
000000084890
000000084964
000000084984
000000085018
000000085048
000000085097
000000085122
000000085155
000000085192
000000085218
000000085284
000000085294
000000085348
000000085383
000000085403
000000085455
000000085518
000000085584
000000085632
000000085659
000000085721
000000085744
000000085790
000000085824
000000085872
000000085888
000000085941
000000086086
000000086140
000000086234
000000086344
000000086426
000000086452
000000086524
000000086569
000000086620
000000086686
000000086763
000000086818
000000086835
000000086875
000000086913
000000086987
000000087091
000000087126
000000087208
000000087286
000000087354
000000087393
000000087481
000000087554
000000087588
000000087633
000000087680
000000087726
000000087740
000000087783
000000087851
000000087929
000000087980
000000088029
000000088087
000000088146
000000088208
000000088270
000000088339
000000088398
000000088448
000000088513
000000088560
000000088603
000000088647
000000088726
000000088748
000000088770
000000088817
000000088860
000000088915
000000088967
000000089012
000000089044
000000089071
000000089128
000000089166
000000089221
000000089232
000000089268
000000089320
000000089350
000000089384
000000089411
000000089500
000000089563
000000089602
000000089668
000000089743
000000089787
000000089834
000000089877
000000089905
000000089914
000000089949
000000090026
000000090058
000000090106
000000090145
000000090169
000000090201
000000090237
000000090261
000000090307
000000090343
000000090367
000000090392
000000090448
000000090501
000000090573
000000090628
000000090676
000000090739
000000090793
000000090833
000000090872
000000090935
000000090983
000000091005
000000091057
000000091120
000000091149
000000091172
000000091234
000000091275
000000091301
000000091371
000000091378
000000091440
000000091474
000000091508
000000091545
000000091581
000000091610
000000091644
000000091697
000000091735
000000091751
000000091810
000000091857
000000091869
000000091909
000000091942
000000091960
000000092016
000000092060
000000092096
000000092153
000000092187
000000092207
000000092274
000000092353
000000092488
000000092549
000000092614
000000092644
000000092670
000000092711
000000092731
000000092753
000000092794
000000092847
000000092904
000000092988
000000093007
000000093048
000000093127
000000093183
000000093269
000000093331
000000093382
000000093403
000000093427
000000093483
000000093554
000000093604
000000093667
000000093725
000000093766
000000093789
000000093806
000000093853
000000093922
000000093971
000000094011
000000094045
000000094097
000000094121
000000094148
000000094210
000000094260
000000094307
000000094350
000000094392
000000094427
000000094526
000000094548
000000094593
000000094625
000000094667
000000094701
000000094716
000000094770
000000094825
000000094859
000000094951
000000095018
000000095033
000000095063
000000095105
000000095124
000000095176
000000095213
000000095273
000000095321
000000095375
000000095412
000000095476
000000095494
000000095551
000000095633
000000095692
000000095749
000000095778
000000095822
000000095864
000000095916
000000095959
000000096006
000000096043
000000096107
000000096183
000000096202
000000096250
000000096288
000000096306
000000096354
000000096458
000000096505
000000096538
000000096625
000000096647
000000096664
000000096685
000000096732
000000096765
000000096845
000000096946
000000096997
000000097017
000000097048
000000097078
000000097099
000000097165
000000097191
000000097209
000000097255
000000097283
000000097367
000000097406
000000097507
000000097543
000000097591
000000097610
000000097633
000000097659
000000097705
000000097747
000000097790
000000097861
000000097871
000000097946
000000097989
000000098031
000000098098
000000098141
000000098182
000000098210
000000098268
000000098395
000000098444
000000098501
000000098549
000000098601
000000098671
000000098693
000000098733
000000098785
000000098836
000000098882
000000098924
000000098981
000000099030
000000099065
000000099094
000000099159
000000099186
000000099265
000000099308
000000099342
000000099364
000000099405
000000099476
000000099519
000000099592
000000099615
000000099671
000000099741
000000099790
000000099808
000000099856
000000099907
000000099928
000000099961
000000099981
000000099999
000000100012
000000100063
000000100087
000000100207
000000100244
000000100306
000000100322
000000100347
000000100413
000000100454
000000100516
000000100530
000000100581
000000100642
000000100665
000000100689
000000100781
000000100848
000000100865
000000100918
000000101033
000000101069
000000101084
000000101100
000000101127
000000101189
000000101240
000000101270
000000101341
000000101450
000000101503
000000101567
000000101586
000000101620
000000101643
000000101660
000000101703
000000101738
000000101820
000000101842
000000101882
000000101936
000000101966
000000102024
000000102073
000000102118
000000102163
000000102191
000000102225
000000102300
000000102320
000000102357
000000102387
000000102437
000000102471
000000102503
000000102588
000000102614
000000102637
000000102669
000000102729
000000102787
000000102843
000000102879
000000102910
000000102930
000000103008
000000103059
000000103128
000000103230
000000103252
000000103276
000000103307
000000103335
000000103355
000000103366
000000103403
000000103465
000000103512
000000103538
000000103579
000000103667
000000103692
000000103726
000000103773
000000103819
000000103856
000000103897
000000103954
000000103978
000000104015
000000104051
000000104081
000000104099
000000104174
000000104270
000000104345
000000104397
000000104417
000000104444
000000104494
000000104556
000000104596
000000104631
000000104689
000000104724
000000104758
000000104811
000000104841
000000104884
000000104919
000000104953
000000105011
000000105053
000000105096
000000105116
000000105177
000000105237
000000105280
000000105367
000000105402
000000105448
000000105472
000000105520
000000105545
000000105582
000000105623
000000105683
000000105708
000000105750
000000105761
000000105786
000000105863
000000105899
000000105918
000000105960
000000105998
000000106028
000000106067
000000106123
000000106165
000000106193
000000106206
000000106228
000000106314
000000106363
000000106392
000000106459
000000106517
000000106616
000000106658
000000106677
000000106769
000000106834
000000106878
000000106915
000000106963
000000107013
000000107068
000000107150
000000107177
000000107216
000000107306
000000107353
000000107386
000000107427
000000107450
000000107495
000000107558
000000107584
000000107609
000000107628
000000107661
000000107716
000000107751
000000107782
000000107839
000000107862
000000107918
000000107959
000000108020
000000108093
000000108124
000000108154
000000108210
000000108223
000000108254
000000108283
000000108338
000000108384
000000108452
000000108510
000000108548
000000108599
000000108695
000000108722
000000108826
000000108876
000000108964
000000109042
000000109084
000000109141
000000109151
000000109174
000000109206
000000109216
000000109232
000000109291
000000109338
000000109361
000000109393
000000109425
000000109487
000000109516
000000109558
000000109602
000000109644
000000109663
000000109774
000000109835
000000109858
000000109873
000000109907
000000109973
000000110023
000000110073
000000110136
000000110169
000000110187
000000110251
000000110308
000000110353
000000110439
000000110482
000000110507
000000110551
000000110581
000000110616
000000110630
000000110674
000000110759
000000110777
000000110797
000000110869
000000110961
000000111017
000000111062
000000111121
000000111152
000000111224
000000111259
000000111348
000000111417
000000111435
000000111490
000000111536
000000111556
000000111612
000000111660
000000111716
000000111756
000000111799
000000111824
000000111867
000000111907
000000111944
000000111988
000000112078
000000112128
000000112207
000000112252
000000112320
000000112359
000000112395
000000112478
000000112536
000000112582
000000112651
000000112697
000000112720
000000112757
000000112807
000000112830
000000112867
000000112928
000000112956
000000113021
000000113054
000000113097
000000113166
000000113233
000000113294
000000113333
000000113393
000000113437
000000113495
000000113559
000000113654
000000113698
000000113736
000000113812
000000113846
000000113880
000000113952
000000113989
000000114055
000000114087
000000114140
000000114177
000000114203
000000114250
000000114286
000000114333
000000114398
000000114419
000000114473
000000114519
000000114549
000000114624
000000114668
000000114686
000000114718
000000114776
000000114815
000000114855
000000114880
000000114946
000000115006
000000115043
000000115077
000000115106
000000115145
000000115182
000000115237
000000115270
000000115314
000000115356
000000115374
000000115459
000000115522
000000115584
000000115635
000000115654
000000115707
000000115741
000000115816
000000115911
000000115942
000000116004
000000116032
000000116065
000000116155
000000116186
000000116223
000000116255
000000116289
000000116339
000000116393
000000116431
000000116464
000000116526
000000116622
000000116694
000000116731
000000116783
000000116803
000000116832
000000116886
000000116941
000000116968
000000117014
000000117046
000000117071
000000117121
000000117201
000000117237
000000117304
000000117325
000000117377
000000117424
000000117497
000000117531
000000117543
000000117668
000000117721
000000117765
000000117789
000000117849
000000117922
000000117961
000000118027
000000118076
000000118140
000000118162
000000118186
000000118212
000000118249
000000118312
000000118356
000000118386
000000118431
000000118463
000000118514
000000118550
000000118614
000000118690
000000118724
000000118734
000000118748
000000118787
000000118840
000000118881
000000118916
000000118950
000000119015
000000119047
000000119108
000000119120
000000119145
000000119194
000000119226
000000119283
000000119308
000000119402
000000119423
000000119444
000000119469
000000119505
000000119540
000000119562
000000119636
000000119669
000000119695
000000119743
000000119773
000000119808
000000119922
000000119953
000000119966
000000120038
000000120067
000000120179
000000120207
000000120235
000000120285
000000120399
000000120462
000000120490
000000120535
000000120595
000000120645
000000120683
000000120744
000000120776
000000120818
000000120872
000000120935
000000120966
000000120987
000000121047
000000121107
000000121154
000000121196
000000121232
000000121316
000000121344
000000121365
000000121457
000000121526
000000121570
000000121599
000000121644
000000121692
000000121778
000000121852
000000121891
000000121949
000000121987
000000122040
000000122108
000000122159
000000122194
000000122231
000000122266
000000122314
000000122362
000000122421
000000122460
000000122537
000000122584
000000122682
000000122787
000000122811
000000122839
000000122867
000000122916
000000122947
000000122982
000000123041
000000123119
000000123155
000000123177
000000123208
000000123247
000000123282
000000123366
000000123453
000000123523
000000123570
000000123643
000000123692
000000123776
000000123824
000000123843
000000123862
000000123901
000000123944
000000124052
000000124145
000000124197
000000124232
000000124246
000000124297
000000124365
000000124394
000000124466
000000124509
000000124571
000000124601
000000124627
000000124663
000000124718
000000124739
000000124796
000000124827
000000124861
000000124889
000000124934
000000124991
000000125017
000000125069
000000125084
000000125116
000000125193
000000125262
000000125313
000000125351
000000125390
000000125494
000000125567
000000125632
000000125651
000000125686
000000125711
000000125735
000000125840
000000125898
000000125978
000000126027
000000126065
000000126096
000000126126
000000126198
000000126230
000000126253
000000126264
000000126282
000000126311
000000126345
000000126413
000000126457
000000126494
000000126537
000000126590
000000126628
000000126659
000000126686
000000126727
000000126755
000000126798
000000126833
000000126921
000000126941
000000126972
000000127006
000000127072
000000127104
000000127122
000000127189
000000127256
000000127284
000000127324
000000127377
000000127451
000000127475
000000127499
000000127527
000000127555
000000127586
000000127632
000000127680
000000127704
000000127744
000000127785
000000127830
000000127869
000000127921
000000127984
000000127994
000000128020
000000128076
000000128142
000000128222
000000128254
000000128311
000000128369
000000128434
000000128463
000000128522
000000128568
000000128631
000000128652
000000128706
000000128736
000000128763
000000128838
000000128903
000000128918
000000128943
000000128978
000000129026
000000129060
000000129142
000000129175
000000129253
000000129310
000000129397
000000129456
000000129512
000000129557
000000129592
000000129699
000000129722
000000129781
000000129872
000000129894
000000129925
000000129988
000000130032
000000130069
000000130116
000000130180
000000130192
000000130226
000000130262
000000130292
000000130320
000000130413
000000130492
000000130527
000000130564
000000130610
000000130654
000000130706
000000130757
000000130884
000000130908
000000130955
000000130992
000000131011
000000131059
000000131087
000000131113
000000131133
000000131211
000000131335
000000131373
000000131400
000000131450
000000131487
000000131531
000000131570
000000131621
000000131666
000000131731
000000131780
000000131840
000000131879
000000131915
000000131967
000000132015
000000132081
000000132120
000000132143
000000132217
000000132307
000000132373
000000132394
000000132432
000000132495
000000132515
000000132527
000000132574
000000132621
000000132688
000000132719
000000132776
000000132795
000000132850
000000132913
000000132959
000000132987
000000133025
000000133086
000000133115
000000133149
000000133167
000000133200
000000133247
000000133279
000000133315
000000133380
000000133426
000000133467
000000133505
000000133559
000000133615
000000133660
000000133739
000000133812
000000133839
000000133908
000000133928
000000133999
000000134033
000000134071
000000134111
000000134167
000000134194
000000134236
000000134285
000000134325
000000134362
000000134396
000000134483
000000134506
000000134551
000000134589
000000134606
000000134650
000000134691
000000134715
000000134760
000000134815
000000134846
000000134871
000000134926
000000134981
000000135045
000000135122
000000135155
000000135206
000000135251
000000135303
000000135332
000000135361
000000135472
000000135502
000000135545
000000135578
000000135618
000000135681
000000135741
000000135790
000000135822
000000135866
000000135937
000000135966
000000135984
000000136015
000000136093
000000136141
000000136168
000000136233
000000136260
000000136312
000000136365
000000136453
000000136503
000000136595
000000136652
000000136683
000000136721
000000136740
000000136783
000000136835
000000136886
000000136908
000000136941
000000136977
000000137072
000000137110
000000137123
000000137185
000000137230
000000137275
000000137304
000000137382
000000137452
000000137501
000000137579
000000137619
000000137677
000000137706
000000137745
000000137777
000000137798
000000137811
000000137838
000000137849
000000137886
000000137963
000000137993
000000138036
000000138070
000000138096
000000138131
000000138192
000000138258
000000138317
000000138351
000000138434
000000138456
000000138488
000000138527
000000138571
000000138601
000000138648
000000138730
000000138755
000000138789
000000138810
000000138838
000000138896
000000138921
000000138963
000000139007
000000139083
000000139124
000000139157
000000139192
000000139214
000000139258
000000139296
000000139334
000000139380
000000139400
000000139440
000000139500
000000139561
000000139586
000000139614
000000139637
000000139679
000000139754
000000139781
000000139815
000000139843
000000139889
000000139917
000000139970
000000139984
000000140020
000000140065
000000140129
000000140210
000000140285
000000140312
000000140387
000000140445
000000140512
000000140539
000000140565
000000140588
000000140634
000000140666
000000140691
000000140717
000000140783
000000140821
000000140915
000000140974
000000141002
000000141053
000000141146
000000141172
000000141204
000000141257
000000141304
000000141343
000000141387
000000141492
000000141517
000000141538
000000141581
000000141604
000000141659
000000141695
000000141755
000000141800
000000141834
000000141857
000000141887
000000141927
000000141986
000000142016
000000142056
000000142102
000000142168
000000142208
000000142245
000000142287
000000142337
000000142380
000000142466
000000142552
000000142570
000000142622
000000142672
000000142712
000000142746
000000142779
000000142806
000000142942
000000143006
000000143051
000000143085
000000143107
000000143129
000000143151
000000143168
000000143192
000000143247
000000143269
000000143305
000000143339
000000143386
000000143420
000000143440
000000143478
000000143528
000000143560
000000143616
000000143666
000000143717
000000143749
000000143781
000000143822
000000143877
000000143944
000000143992
000000144053
000000144122
000000144176
000000144194
000000144230
000000144259
000000144337
000000144444
000000144503
000000144552
000000144586
000000144622
000000144723
000000144832
000000144874
000000144904
000000144944
000000145009
000000145056
000000145087
000000145113
000000145191
000000145217
000000145264
000000145290
000000145335
000000145378
000000145429
000000145479
000000145520
000000145562
000000145623
000000145684
000000145699
000000145738
000000145749
000000145792
000000145823
000000145862
000000145915
000000145994
000000146078
000000146111
000000146169
000000146190
000000146276
000000146397
000000146449
000000146467
000000146509
000000146573
000000146601
000000146638
000000146676
000000146722
000000146751
000000146810
000000146855
000000146885
000000146954
000000146986
000000147027
000000147088
000000147132
000000147170
000000147195
000000147250
000000147277
000000147291
000000147301
000000147342
000000147404
000000147459
000000147520
000000147539
000000147574
000000147610
000000147646
000000147675
000000147735
000000147772
000000147835
000000147856
000000147883
000000147904
000000147934
000000147970
000000148002
000000148024
000000148077
000000148144
000000148205
000000148229
000000148282
000000148309
000000148353
000000148375
000000148403
000000148462
000000148517
000000148591
000000148629
000000148646
000000148703
000000148771
000000148827
000000148909
000000148931
000000148986
000000149027
000000149053
000000149095
000000149151
000000149188
000000149228
000000149263
000000149314
000000149358
000000149381
000000149422
000000149442
000000149464
000000149571
000000149592
000000149648
000000149738
000000149810
000000149835
000000149871
000000149903
000000149923
000000149974
000000150016
000000150044
000000150082
000000150127
000000150185
000000150237
000000150301
000000150331
000000150378
000000150455
000000150500
000000150559
000000150616
000000150675
000000150779
000000150812
000000150838
000000150888
000000150920
000000150942
000000150987
000000151005
000000151077
000000151100
000000151141
000000151172
000000151200
000000151245
000000151282
000000151324
000000151351
000000151434
000000151524
000000151558
000000151575
000000151599
000000151655
000000151731
000000151781
000000151832
000000151885
000000151965
000000152012
000000152090
000000152110
000000152176
000000152211
000000152265
000000152298
000000152389
000000152425
000000152458
000000152472
000000152526
000000152573
000000152657
000000152668
000000152722
000000152737
000000152785
000000152858
000000152933
000000152992
000000153041
000000153067
000000153092
000000153140
000000153190
000000153235
000000153279
000000153307
000000153426
000000153543
000000153574
000000153655
000000153692
000000153717
000000153764
000000153834
000000153870
000000153971
000000154007
000000154028
000000154062
000000154119
000000154207
000000154301
000000154343
000000154352
000000154414
000000154443
000000154502
000000154556
000000154585
000000154614
000000154648
000000154685
000000154725
000000154770
000000154811
000000154847
000000154879
000000154898
000000154994
000000155035
000000155076
000000155097
000000155167
000000155216
000000155269
000000155344
000000155373
000000155402
000000155461
000000155498
000000155543
000000155624
000000155719
000000155775
000000155845
000000155877
000000155930
000000155993
000000156043
000000156098
000000156170
000000156197
000000156236
000000156308
000000156370
000000156410
000000156455
000000156480
000000156504
000000156533
000000156624
000000156700
000000156739
000000156759
000000156806
000000156835
000000156876
000000156935
000000156985
000000157017
000000157037
000000157084
000000157109
000000157168
000000157188
000000157221
000000157251
000000157279
000000157321
000000157378
000000157424
000000157486
000000157577
000000157603
000000157621
000000157748
000000157806
000000157822
000000157916
000000157955
000000158036
000000158087
000000158183
000000158211
000000158254
000000158307
000000158359
000000158421
000000158451
000000158486
000000158602
000000158676
000000158701
000000158729
000000158759
000000158801
000000158853
000000158873
000000158883
000000158914
000000158952
000000158982
000000159021
000000159044
000000159176
000000159285
000000159320
000000159370
000000159392
000000159423
000000159446
000000159472
000000159530
000000159562
000000159601
000000159656
000000159761
000000159820
000000159897
000000159948
000000159983
000000160028
000000160064
000000160110
000000160159
000000160195
000000160226
000000160239
000000160283
000000160308
000000160341
000000160402
000000160429
000000160482
000000160510
000000160580
000000160610
000000160628
000000160671
000000160694
000000160746
000000160812
000000160822
000000160834
000000160855
000000160900
000000160931
000000160970
000000161010
000000161033
000000161083
000000161156
000000161202
000000161266
000000161304
000000161347
000000161383
000000161470
000000161517
000000161569
000000161602
000000161617
000000161657
000000161736
000000161751
000000161809
000000161873
000000161947
000000161983
000000162032
000000162067
000000162102
000000162114
000000162177
000000162199
000000162223
000000162249
000000162343
000000162390
000000162435
000000162475
000000162503
000000162561
000000162592
000000162641
000000162703
000000162747
000000162770
000000162801
000000162898
000000162939
000000162989
000000163010
000000163031
000000163084
000000163104
000000163132
000000163220
000000163240
000000163273
000000163319
000000163361
000000163435
000000163474
000000163553
000000163571
000000163645
000000163718
000000163761
000000163858
000000163921
000000163965
000000163992
000000164036
000000164104
000000164146
000000164183
000000164222
000000164242
000000164292
000000164372
000000164420
000000164442
000000164493
000000164568
000000164599
000000164672
000000164710
000000164779
000000164855
000000164941
000000165012
000000165053
000000165106
000000165172
000000165211
000000165291
000000165341
000000165401
000000165422
000000165479
000000165522
000000165574
000000165654
000000165766
000000165798
000000165833
000000165969
000000166003
000000166049
000000166096
000000166130
000000166179
000000166236
000000166297
000000166323
000000166354
000000166376
000000166420
000000166463
000000166474
000000166504
000000166522
000000166560
000000166592
000000166621
000000166657
000000166706
000000166750
000000166764
000000166837
000000166880
000000166920
000000166977
000000166997
000000167021
000000167074
000000167084
000000167123
000000167178
000000167235
000000167317
000000167347
000000167356
000000167443
000000167479
000000167505
000000167541
000000167553
000000167593
000000167621
000000167645
000000167693
000000167728
000000167755
000000167818
000000167874
000000167908
000000167992
000000168067
000000168097
000000168127
000000168178
000000168215
000000168231
000000168259
000000168329
000000168377
000000168440
000000168475
000000168531
000000168557
000000168574
000000168622
000000168662
000000168717
000000168748
000000168805
000000168843
000000168869
000000168932
000000168978
000000169023
000000169054
000000169097
000000169152
000000169198
000000169226
000000169270
000000169321
000000169351
000000169466
000000169490
000000169517
000000169573
000000169589
000000169606
000000169648
000000169683
000000169766
000000169845
000000169893
000000169945
000000170024
000000170106
000000170129
000000170208
000000170235
000000170311
000000170340
000000170365
000000170428
000000170485
000000170601
000000170630
000000170695
000000170766
000000170832
000000170850
000000170885
000000170930
000000170990
000000171045
000000171064
000000171109
000000171179
000000171241
000000171316
000000171349
000000171380
000000171443
000000171470
000000171494
000000171524
000000171585
000000171613
000000171678
000000171737
000000171785
000000171850
000000172004
000000172057
000000172148
000000172162
000000172196
000000172248
000000172271
000000172327
000000172377
000000172425
000000172492
000000172556
000000172608
000000172627
000000172681
000000172805
000000172851
000000172899
000000172923
000000172971
000000173046
000000173069
000000173121
000000173132
000000173153
000000173184
000000173231
000000173279
000000173315
000000173375
000000173425
000000173451
000000173504
000000173544
000000173561
000000173580
000000173610
000000173647
000000173684
000000173695
000000173742
000000173768
000000173819
000000173887
000000173968
000000174005
000000174026
000000174062
000000174103
000000174167
000000174188
000000174238
000000174274
000000174332
000000174358
000000174402
000000174427
000000174474
000000174529
000000174576
000000174615
000000174669
000000174698
000000174721
000000174738
000000174806
000000174868
000000174904
000000175000
000000175053
000000175112
000000175143
000000175185
000000175210
000000175250
000000175277
000000175310
000000175347
000000175368
000000175417
000000175451
000000175506
000000175536
000000175584
000000175633
000000175664
000000175688
000000175737
000000175774
000000175847
000000175933
000000175951
000000176009
000000176086
000000176098
000000176168
000000176193
000000176226
000000176275
000000176288
000000176335
000000176408
000000176470
000000176487
000000176551
000000176593
000000176622
000000176680
000000176736
000000176785
000000176828
000000176904
000000176993
000000177023
000000177088
000000177109
000000177166
000000177284
000000177387
000000177420
000000177496
000000177550
000000177618
000000177705
000000177755
000000177811
000000177847
000000177896
000000177924
000000177959
000000177978
000000178017
000000178052
000000178145
000000178177
000000178244
000000178279
000000178317
000000178388
000000178426
000000178487
000000178520
000000178538
000000178606
000000178658
000000178683
000000178708
000000178749
000000178796
000000178838
000000178870
000000178939
000000178958
000000178994
000000179034
000000179094
000000179124
000000179153
000000179187
000000179245
000000179346
000000179405
000000179421
000000179460
000000179520
000000179578
000000179611
000000179682
000000179727
000000179869
000000179914
000000179930
000000179950
000000179963
000000180040
000000180071
000000180095
000000180154
000000180220
000000180315
000000180341
000000180442
000000180490
000000180504
000000180540
000000180587
000000180624
000000180667
000000180784
000000180818
000000180857
000000180919
000000180982
000000181007
000000181030
000000181058
000000181122
000000181176
000000181224
000000181371
000000181409
000000181462
000000181489
000000181516
000000181534
000000181571
000000181628
000000181677
000000181757
000000181782
000000181815
000000181851
000000181873
000000181894
000000181932
000000181948
000000181996
000000182078
000000182127
000000182175
000000182215
000000182240
000000182291
000000182373
000000182385
000000182403
000000182483
000000182556
000000182625
000000182681
000000182734
000000182765
000000182828
000000182863
000000182897
000000182976
000000183012
000000183044
000000183114
000000183151
000000183187
000000183224
000000183253
000000183276
000000183327
000000183350
000000183386
000000183398
000000183416
000000183504
000000183597
000000183617
000000183666
000000183704
000000183762
000000183827
000000183872
000000183913
000000183971
000000184020
000000184135
000000184161
000000184210
000000184266
000000184313
000000184369
000000184383
000000184396
000000184463
000000184504
000000184568
000000184606
000000184667
000000184700
000000184731
000000184786
000000184810
000000184868
000000184902
000000184954
000000185002
000000185041
000000185158
000000185232
000000185293
000000185366
000000185448
000000185512
000000185550
000000185590
000000185620
000000185663
000000185721
000000185820
000000185830
000000185848
000000185916
000000185935
000000185988
000000186034
000000186075
000000186103
000000186145
000000186182
000000186233
000000186317
000000186405
000000186428
000000186508
000000186552
000000186578
000000186608
000000186641
000000186717
000000186740
000000186797
000000186842
000000186941
000000186998
000000187064
000000187103
000000187134
000000187235
000000187277
000000187329
000000187368
000000187465
000000187518
000000187563
000000187609
000000187642
000000187683
000000187765
000000187810
000000187846
000000187882
000000187902
000000187934
000000187986
000000188029
000000188120
000000188137
000000188163
000000188218
000000188287
000000188346
000000188388
000000188421
000000188454
000000188511
000000188528
000000188544
000000188599
000000188631
000000188673
000000188722
000000188787
000000188832
000000188918
000000188949
000000188973
000000189015
000000189052
000000189101
000000189159
000000189197
000000189248
000000189301
000000189330
000000189387
000000189394
000000189469
000000189561
000000189593
000000189634
000000189670
000000189706
000000189742
000000189766
000000189794
000000189845
000000189882
000000189893
000000189966
000000189997
000000190015
000000190056
000000190111
000000190187
000000190219
000000190271
000000190362
000000190413
000000190441
000000190495
000000190546
000000190566
000000190575
000000190645
000000190705
000000190806
000000190881
000000190900
000000190945
000000190981
000000190998
000000191014
000000191047
000000191096
000000191126
000000191159
000000191177
000000191193
000000191242
000000191300
000000191329
000000191376
000000191417
000000191468
000000191540
000000191615
000000191651
000000191686
000000191706
000000191754
000000191856
000000191913
000000191978
000000192023
000000192077
000000192098
000000192153
000000192180
000000192217
000000192266
000000192322
000000192369
000000192403
000000192440
000000192502
000000192531
000000192564
000000192627
000000192655
000000192671
000000192730
000000192793
000000192816
000000192834
000000192885
000000192932
000000192970
000000193042
000000193050
000000193095
000000193114
000000193171
000000193243
000000193293
000000193349
000000193383
000000193410
000000193474
000000193557
000000193617
000000193649
000000193690
000000193732
000000193829
000000193880
000000193901
000000193951
000000194013
000000194054
000000194138
000000194161
000000194191
000000194262
000000194289
000000194346
000000194407
000000194421
000000194440
000000194456
000000194529
000000194553
000000194579
000000194605
000000194676
000000194722
000000194754
000000194786
000000194850
000000194879
000000194908
000000194968
000000195081
000000195179
000000195213
000000195269
000000195300
000000195345
000000195391
000000195420
000000195472
000000195568
000000195599
000000195649
000000195697
000000195725
000000195768
000000195826
000000195857
000000195885
000000195897
000000195927
000000195978
000000196016
000000196047
000000196090
000000196104
000000196119
000000196205
000000196283
000000196312
000000196365
000000196430
000000196518
000000196565
000000196650
000000196686
000000196723
000000196777
000000196799
000000196870
000000196916
000000196985
000000197071
000000197121
000000197212
000000197246
000000197279
000000197305
000000197329
000000197406
000000197461
000000197499
000000197591
000000197629
000000197661
000000197686
000000197759
000000197827
000000197853
000000197875
000000197934
000000198001
000000198057
000000198108
000000198198
000000198214
000000198249
000000198271
000000198363
000000198405
000000198436
000000198477
000000198530
000000198557
000000198600
000000198631
000000198661
000000198724
000000198786
000000198836
000000198881
000000198935
000000198977
000000199029
000000199122
000000199149
000000199188
000000199243
000000199268
000000199331
000000199390
000000199438
000000199492
000000199540
000000199572
000000199602
000000199641
000000199732
000000199783
000000199865
000000199919
000000199956
000000199995
000000200018
000000200068
000000200155
000000200217
000000200274
000000200288
000000200315
000000200351
000000200391
000000200439
000000200489
000000200550
000000200611
000000200665
000000200699
000000200724
000000200739
000000200770
000000200807
000000200857
000000200938
000000200988
000000201042
000000201078
000000201116
000000201236
000000201271
000000201305
000000201352
000000201389
000000201457
000000201496
000000201564
000000201622
000000201634
000000201698
000000201726
000000201748
000000201770
000000201873
000000201930
000000202010
000000202080
000000202129
000000202171
000000202270
000000202321
000000202373
000000202413
000000202463
000000202531
000000202567
000000202583
000000202653
000000202681
000000202772
000000202797
000000202829
000000202850
000000202909
000000202931
000000202964
000000202991
000000203086
000000203143
000000203177
000000203214
000000203251
000000203299
000000203333
000000203370
000000203429
000000203452
000000203492
000000203545
000000203603
000000203635
000000203669
000000203711
000000203765
000000203827
000000203846
000000203870
000000203926
000000203975
000000204024
000000204049
000000204075
000000204098
000000204170
000000204216
000000204275
000000204380
000000204423
000000204458
000000204537
000000204589
000000204626
000000204682
000000204714
000000204806
000000204930
000000204999
000000205040
000000205078
000000205157
000000205214
000000205251
000000205272
000000205350
000000205374
000000205461
000000205512
000000205556
000000205564
000000205594
000000205614
000000205631
000000205677
000000205703
000000205744
000000205808
000000205883
000000205916
000000205955
000000206001
000000206044
000000206109
000000206155
000000206196
000000206231
000000206278
000000206318
000000206377
000000206395
000000206413
000000206434
000000206467
000000206528
000000206587
000000206622
000000206628
000000206704
000000206747
000000206783
000000206809
000000206851
000000206889
000000206909
000000206933
000000207013
000000207033
000000207065
000000207097
000000207172
000000207204
000000207264
000000207317
000000207366
000000207479
000000207500
000000207554
000000207584
000000207670
000000207686
000000207739
000000207775
000000207803
000000207853
000000207931
000000207998
000000208012
000000208057
000000208107
000000208140
000000208147
000000208206
000000208252
000000208316
000000208350
000000208376
000000208408
000000208459
000000208585
000000208629
000000208669
000000208718
000000208728
000000208754
000000208801
000000208817
000000208844
000000208875
000000208913
000000208954
000000208991
000000209040
000000209084
000000209133
000000209179
000000209200
000000209326
000000209383
000000209418
000000209474
000000209574
000000209643
000000209722
000000209746
000000209813
000000209851
000000209915
000000209921
000000209931
000000209957
000000209989
000000210042
000000210065
000000210081
000000210097
000000210139
000000210201
000000210239
000000210267
000000210346
000000210389
000000210425
000000210448
000000210458
000000210570
000000210604
000000210686
000000210728
000000210766
000000210806
000000210813
000000210856
000000210932
000000210983
000000210991
000000211030
000000211047
000000211107
000000211119
000000211163
000000211189
000000211216
000000211294
000000211325
000000211346
000000211410
000000211436
000000211458
000000211508
000000211536
000000211593
000000211632
000000211684
000000211725
000000211807
000000211860
000000211913
000000211948
000000212011
000000212074
000000212095
000000212187
000000212241
000000212309
000000212381
000000212405
000000212479
000000212525
000000212591
000000212646
000000212682
000000212739
000000212780
000000212817
000000212843
000000212887
000000212935
000000213032
000000213107
000000213162
000000213280
000000213312
000000213355
000000213375
000000213403
000000213432
000000213455
000000213499
000000213529
000000213537
000000213570
000000213623
000000213650
000000213739
000000213780
000000213897
000000213933
000000213978
000000214022
000000214087
000000214131
000000214197
000000214213
000000214254
000000214306
000000214363
000000214394
000000214454
000000214489
000000214527
000000214605
000000214641
000000214664
000000214701
000000214759
000000214803
000000214845
000000214856
000000214888
000000214937
000000214998
000000215113
000000215135
000000215196
000000215243
000000215291
000000215334
000000215394
000000215410
000000215450
000000215511
000000215558
000000215586
000000215626
000000215679
000000215719
000000215781
000000215819
000000215873
000000216003
000000216036
000000216083
000000216133
000000216223
000000216241
000000216301
000000216325
000000216386
000000216401
000000216443
000000216462
000000216556
000000216618
000000216663
000000216694
000000216761
000000216778
000000216802
000000216827
000000216867
000000216954
000000216998
000000217068
000000217108
000000217137
000000217201
000000217228
000000217304
000000217376
000000217448
000000217471
000000217574
000000217622
000000217653
000000217710
000000217780
000000217811
000000217899
000000217959
000000218017
000000218113
000000218158
000000218196
000000218284
000000218312
000000218388
000000218476
000000218578
000000218646
000000218678
000000218749
000000218784
000000218830
000000218850
000000218911
000000218947
000000218982
000000219094
000000219174
000000219225
000000219269
000000219303
000000219379
000000219413
000000219442
000000219467
000000219486
000000219580
000000219647
000000219657
000000219687
000000219754
000000219798
000000219841
000000219897
000000219921
000000219984
000000220045
000000220071
000000220097
000000220152
000000220182
000000220205
000000220224
000000220255
000000220307
000000220368
000000220408
000000220430
000000220487
000000220601
000000220666
000000220739
000000220790
000000220835
000000220898
000000220932
000000221012
000000221083
000000221116
000000221183
000000221200
000000221234
000000221307
000000221335
000000221379
000000221427
000000221477
000000221532
000000221546
000000221587
000000221618
000000221665
000000221684
000000221737
000000221748
000000221787
000000221820
000000221869
000000221899
000000221927
000000222009
000000222053
000000222083
000000222191
000000222309
000000222332
000000222358
000000222411
000000222470
000000222517
000000222599
000000222648
000000222696
000000222741
000000222758
000000222811
000000222857
000000222893
000000222958
000000223007
000000223089
000000223122
000000223139
000000223183
000000223243
000000223314
000000223339
000000223432
000000223454
000000223467
000000223526
000000223554
000000223595
000000223636
000000223718
000000223755
000000223777
000000223870
000000223929
000000223988
000000224017
000000224047
000000224081
000000224111
000000224136
000000224217
000000224241
000000224247
000000224264
000000224285
000000224336
000000224375
000000224396
000000224462
000000224497
000000224531
000000224567
000000224601
000000224693
000000224735
000000224776
000000224800
000000224845
000000224910
000000224970
000000225015
000000225071
000000225093
000000225124
000000225175
000000225228
000000225257
000000225274
000000225343
000000225387
000000225443
000000225494
000000225518
000000225546
000000225587
000000225663
000000225682
000000225738
000000225786
000000225829
000000225869
000000225943
000000225989
000000226020
000000226097
000000226161
000000226256
000000226270
000000226345
000000226363
000000226404
000000226459
000000226498
000000226536
000000226571
000000226583
000000226613
000000226654
000000226695
000000226801
000000226840
000000226897
000000226957
000000227019
000000227103
000000227186
000000227216
000000227241
000000227250
000000227307
000000227363
000000227438
000000227464
000000227495
000000227508
000000227552
000000227635
000000227677
000000227699
000000227736
000000227779
000000227828
000000227878
000000227928
000000227941
000000227958
000000228011
000000228045
000000228091
000000228133
000000228166
000000228197
000000228234
000000228316
000000228340
000000228407
000000228450
000000228464
000000228522
000000228539
000000228560
000000228627
000000228664
000000228677
000000228754
000000228794
000000228832
000000228881
000000228919
000000229001
000000229052
000000229114
000000229134
000000229159
000000229228
000000229262
000000229317
000000229350
000000229419
000000229507
000000229539
000000229563
000000229574
000000229618
000000229658
000000229779
000000229856
000000229884
000000229935
000000229984
000000230014
000000230046
000000230078
000000230119
000000230141
000000230171
000000230212
000000230240
000000230273
000000230315
000000230417
000000230433
000000230516
000000230578
000000230610
000000230627
000000230670
000000230700
000000230735
000000230769
000000230837
000000230864
000000230888
000000230945
000000230976
000000231035
000000231060
000000231102
000000231131
000000231148
000000231222
000000231272
000000231295
000000231341
000000231381
000000231415
000000231466
000000231502
000000231532
000000231604
000000231632
000000231659
000000231732
000000231812
000000231851
000000231863
000000231902
000000231932
000000231963
000000232025
000000232054
000000232114
000000232181
000000232223
000000232277
000000232329
000000232371
000000232455
000000232511
000000232544
000000232592
000000232656
000000232691
000000232724
000000232801
000000232842
000000232900
000000232910
000000232985
000000233102
000000233112
000000233164
000000233218
000000233266
000000233327
000000233362
000000233399
000000233437
000000233471
000000233538
000000233560
000000233609
000000233638
000000233690
000000233748
000000233817
000000233841
000000233865
000000233904
000000233935
000000233956
000000233977
000000234023
000000234057
000000234153
000000234211
000000234277
000000234352
000000234416
000000234454
000000234518
000000234569
000000234592
000000234615
000000234649
000000234677
000000234700
000000234745
000000234768
000000234834
000000234883
000000234938
000000234957
000000234993
000000235012
000000235081
000000235098
000000235130
000000235177
000000235200
000000235269
000000235328
000000235358
000000235404
000000235471
000000235518
000000235534
000000235564
000000235600
000000235699
000000235783
000000235840
000000235906
000000235959
000000235991
000000236048
000000236078
000000236096
000000236161
000000236197
000000236218
000000236262
000000236292
000000236332
000000236388
000000236438
000000236505
000000236535
000000236572
000000236611
000000236650
000000236739
000000236837
000000236865
000000236882
000000236920
000000236985
000000237034
000000237090
000000237110
000000237131
000000237188
000000237245
000000237263
000000237303
000000237350
000000237385
000000237427
000000237463
000000237496
000000237538
000000237560
000000237597
000000237655
000000237699
000000237735
000000237780
000000237825
000000237886
000000237919
000000237964
000000238005
000000238068
000000238090
000000238152
000000238198
000000238245
000000238263
000000238301
000000238355
000000238392
000000238427
000000238511
000000238573
000000238605
000000238675
000000238709
000000238735
000000238831
000000238915
000000238968
000000239016
000000239060
000000239114
000000239171
000000239198
000000239241
000000239309
000000239350
000000239382
000000239448
000000239505
000000239552
000000239584
000000239668
000000239736
000000239791
000000239837
000000239888
000000239980
000000240054
000000240093
000000240112
000000240137
000000240175
000000240225
000000240263
000000240287
000000240322
000000240358
000000240399
000000240417
000000240436
000000240455
000000240511
000000240589
000000240618
000000240655
000000240698
000000240784
000000240832
000000240902
000000240912
000000240976
000000241025
000000241058
000000241082
000000241155
000000241209
000000241292
000000241364
000000241392
000000241440
000000241466
000000241528
000000241551
000000241579
000000241638
000000241691
000000241758
000000241786
000000241837
000000241886
000000241918
000000241959
000000242020
000000242061
000000242089
000000242100
000000242142
000000242194
000000242248
000000242278
000000242342
000000242379
000000242405
000000242458
000000242526
000000242541
000000242612
000000242631
000000242664
000000242716
000000242821
000000242897
000000242945
000000242992
000000243027
000000243051
000000243153
000000243187
000000243251
000000243292
000000243316
000000243331
000000243355
000000243386
000000243472
000000243527
000000243627
000000243699
000000243773
000000243787
000000243829
000000243847
000000243896
000000243950
000000244003
000000244032
000000244095
000000244132
000000244160
000000244206
000000244227
000000244246
000000244293
000000244334
000000244369
000000244406
000000244424
000000244487
000000244575
000000244613
000000244671
000000244760
000000244812
000000244847
000000244908
000000244983
000000245049
000000245094
000000245145
000000245221
000000245243
000000245274
000000245336
000000245371
000000245384
000000245417
000000245441
000000245496
000000245560
000000245609
000000245662
000000245697
000000245802
000000245846
000000245902
000000245983
000000246044
000000246071
000000246104
000000246139
000000246183
000000246237
000000246267
000000246287
000000246323
000000246342
000000246366
000000246398
000000246444
000000246456
000000246499
000000246573
000000246613
000000246650
000000246701
000000246728
000000246759
000000246815
000000246855
000000246879
000000246923
000000246966
000000246976
000000246990
000000247071
000000247110
000000247160
000000247199
000000247306
000000247346
000000247369
000000247451
000000247519
000000247576
000000247660
000000247703
000000247744
000000247840
000000247880
000000247895
000000247925
000000248005
000000248017
000000248045
000000248132
000000248163
000000248193
000000248227
000000248255
000000248333
000000248370
000000248427
000000248467
000000248565
000000248604
000000248701
000000248733
000000248779
000000248809
000000248879
000000248924
000000248953
000000249058
000000249141
000000249227
000000249264
000000249295
000000249347
000000249363
000000249404
000000249482
000000249531
000000249556
000000249611
000000249656
000000249676
000000249711
000000249810
000000249883
000000249921
000000249977
000000250022
000000250051
000000250083
000000250129
000000250192
000000250204
000000250239
000000250250
000000250289
000000250309
000000250380
000000250427
000000250506
000000250576
000000250599
000000250655
000000250706
000000250802
000000250849
000000250897
000000250953
000000250998
000000251027
000000251047
000000251113
000000251183
000000251211
000000251251
000000251311
000000251330
000000251366
000000251395
000000251439
000000251496
000000251557
000000251623
000000251660
000000251701
000000251758
000000251793
000000251860
000000251874
000000251932
000000252008
000000252086
000000252121
000000252133
000000252186
000000252244
000000252290
000000252383
000000252411
000000252444
000000252525
000000252567
000000252596
000000252614
000000252664
000000252724
000000252749
000000252786
000000252811
000000252868
000000252915
000000252952
000000252968
000000252996
000000253072
000000253122
000000253148
000000253223
000000253251
000000253266
000000253332
000000253413
000000253424
000000253455
000000253477
000000253513
000000253532
000000253578
000000253630
000000253688
000000253728
000000253764
000000253810
000000253854
000000253915
000000253942
000000253965
000000254005
000000254011
000000254046
000000254081
000000254117
000000254134
000000254179
000000254212
000000254250
000000254281
000000254327
000000254396
000000254414
000000254476
000000254510
000000254529
000000254568
000000254615
000000254656
000000254711
000000254732
000000254786
000000254801
000000254834
000000254892
000000254948
000000255013
000000255045
000000255096
000000255137
000000255186
000000255224
000000255274
000000255335
000000255402
000000255440
000000255479
000000255525
000000255578
000000255654
000000255683
000000255741
000000255795
000000255859
000000255928
000000255954
000000255990
000000256035
000000256057
000000256094
000000256177
000000256196
000000256222
000000256308
000000256364
000000256384
000000256447
000000256481
000000256565
000000256593
000000256613
000000256655
000000256713
000000256743
000000256799
000000256844
000000256875
000000256950
000000256967
000000257021
000000257066
000000257136
000000257178
000000257214
000000257255
000000257341
000000257387
000000257416
000000257498
000000257576
000000257632
000000257690
000000257796
000000257830
000000257887
000000257951
000000257983
000000258021
000000258043
000000258095
000000258112
000000258136
000000258176
000000258226
000000258283
000000258315
000000258346
000000258364
000000258400
000000258460
000000258518
000000258544
000000258566
000000258628
000000258679
000000258770
000000258834
000000258888
000000258915
000000258985
000000259040
000000259088
000000259136
000000259189
000000259253
000000259296
000000259335
000000259348
000000259374
000000259417
000000259426
000000259458
000000259543
000000259565
000000259616
000000259687
000000259721
000000259758
000000259814
000000259906
000000260011
000000260035
000000260088
000000260107
000000260139
000000260182
000000260264
000000260307
000000260345
000000260395
000000260415
000000260456
000000260491
000000260519
000000260627
000000260656
000000260716
000000260794
000000260823
000000260852
000000260888
000000260917
000000260942
000000260966
000000260982
000000261068
000000261085
000000261139
000000261180
000000261256
000000261281
000000261349
000000261448
000000261520
000000261579
000000261630
000000261665
000000261729
000000261759
000000261789
000000261863
000000261906
000000262003
000000262049
000000262095
000000262146
000000262175
000000262221
000000262262
000000262299
000000262347
000000262393
000000262460
000000262492
000000262519
000000262531
000000262588
000000262619
000000262688
000000262707
000000262746
000000262819
000000262873
000000262901
000000262933
000000262965
000000262997
000000263031
000000263073
000000263112
000000263177
000000263231
000000263270
000000263294
000000263327
000000263355
000000263382
000000263412
000000263503
000000263582
000000263604
000000263647
000000263677
000000263758
000000263780
000000263826
000000263875
000000263901
000000263970
000000264018
000000264076
000000264169
000000264193
000000264233
000000264279
000000264316
000000264347
000000264381
000000264436
000000264495
000000264539
000000264591
000000264619
000000264647
000000264718
000000264734
000000264758
000000264806
000000264846
000000264870
000000264926
000000264957
000000264987
000000265008
000000265059
000000265084
000000265135
000000265167
000000265234
000000265256
000000265280
000000265344
000000265372
000000265446
000000265490
000000265532
000000265573
000000265628
000000265663
000000265748
000000265796
000000265831
000000265930
000000265974
000000266021
000000266069
000000266099
000000266115
000000266153
000000266200
000000266274
000000266310
000000266366
000000266386
000000266437
000000266469
000000266556
000000266611
000000266646
000000266680
000000266697
000000266800
000000266847
000000266914
000000266963
000000267008
000000267067
000000267126
000000267164
000000267200
000000267224
000000267289
000000267353
000000267443
000000267498
000000267531
000000267598
000000267680
000000267704
000000267717
000000267788
000000267812
000000267837
000000267863
000000267932
000000267972
000000268036
000000268049
000000268081
000000268114
000000268133
000000268212
000000268268
000000268340
000000268370
000000268390
000000268433
000000268454
000000268496
000000268592
000000268647
000000268681
000000268728
000000268770
000000268804
000000268882
000000268921
000000268982
000000268992
000000269022
000000269058
000000269109
000000269172
000000269229
000000269287
000000269333
000000269392
000000269434
000000269502
000000269566
000000269590
000000269606
000000269664
000000269718
000000269786
000000269799
000000269831
000000269853
000000269920
000000269945
000000269964
000000270025
000000270089
000000270136
000000270211
000000270234
000000270278
000000270351
000000270381
000000270431
000000270512
000000270583
000000270612
000000270703
000000270749
000000270790
000000270818
000000270865
000000270918
000000271006
000000271038
000000271092
000000271138
000000271171
000000271198
000000271250
000000271310
000000271363
000000271388
000000271418
000000271469
000000271542
000000271568
000000271592
000000271643
000000271741
000000271842
000000271864
000000271906
000000271934
000000271970
000000272008
000000272036
000000272068
000000272110
000000272143
000000272173
000000272217
000000272310
000000272335
000000272396
000000272421
000000272479
000000272544
000000272626
000000272675
000000272735
000000272783
000000272866
000000272901
000000272940
000000272961
000000273002
000000273067
000000273088
000000273120
000000273159
000000273188
000000273230
000000273314
000000273336
000000273369
000000273416
000000273516
000000273586
000000273645
000000273743
000000273804
000000273859
000000273904
000000273967
000000274036
000000274074
000000274126
000000274195
000000274254
000000274331
000000274398
000000274437
000000274466
000000274494
000000274526
000000274574
000000274606
000000274655
000000274682
000000274697
000000274776
000000274815
000000274870
000000274894
000000274931
000000274957
000000275028
000000275046
000000275115
000000275173
000000275210
000000275263
000000275279
000000275335
000000275380
000000275412
000000275466
000000275511
000000275557
000000275608
000000275643
000000275694
000000275723
000000275781
000000275830
000000275863
000000275902
000000275930
000000275954
000000275977
000000276009
000000276077
000000276151
000000276204
000000276254
000000276317
000000276365
000000276458
000000276515
000000276545
000000276584
000000276634
000000276673
000000276749
000000276789
000000276845
000000276918
000000276951
000000277026
000000277069
000000277122
000000277150
000000277172
000000277204
000000277263
000000277321
000000277379
000000277426
000000277436
000000277473
000000277518
000000277575
000000277625
000000277697
000000277749
000000277788
000000277852
000000277912
000000277950
000000278001
000000278064
000000278171
000000278238
000000278321
000000278352
000000278395
000000278418
000000278489
000000278541
000000278570
000000278628
000000278673
000000278732
000000278760
000000278797
000000278858
000000278913
000000278966
000000279022
000000279041
000000279066
000000279097
000000279189
000000279226
000000279263
000000279308
000000279395
000000279421
000000279524
000000279563
000000279605
000000279646
000000279693
000000279716
000000279763
000000279824
000000279874
000000279933
000000279940
000000280007
000000280062
000000280084
000000280132
000000280169
000000280216
000000280241
000000280291
000000280347
000000280396
000000280437
000000280480
000000280530
000000280589
000000280641
000000280702
000000280764
000000280787
000000280814
000000280879
000000280913
000000280972
000000281008
000000281021
000000281052
000000281085
000000281108
000000281148
000000281194
000000281246
000000281293
000000281330
000000281365
000000281429
000000281495
000000281505
000000281567
000000281602
000000281632
000000281674
000000281700
000000281722
000000281772
000000281827
000000281855
000000281910
000000281952
000000281996
000000282027
000000282066
000000282131
000000282158
000000282197
000000282229
000000282286
000000282349
000000282366
000000282385
000000282437
000000282552
000000282564
000000282574
000000282618
000000282680
000000282719
000000282782
000000282840
000000282879
000000282901
000000282946
000000282978
000000283005
000000283101
000000283131
000000283170
000000283208
000000283240
000000283277
000000283303
000000283377
000000283438
000000283485
000000283505
000000283573
000000283600
000000283629
000000283666
000000283730
000000283772
000000283835
000000283863
000000283890
000000283912
000000283955
000000283982
000000284020
000000284088
000000284118
000000284150
000000284170
000000284253
000000284297
000000284336
000000284351
000000284386
000000284426
000000284472
000000284535
000000284551
000000284599
000000284670
000000284684
000000284765
000000284805
000000284843
000000284884
000000284914
000000284960
000000285000
000000285018
000000285059
000000285096
000000285120
000000285220
000000285314
000000285357
000000285450
000000285493
000000285526
000000285599
000000285628
000000285660
000000285681
000000285697
000000285717
000000285784
000000285810
000000285841
000000285883
000000285914
000000286010
000000286061
000000286101
000000286144
000000286186
000000286212
000000286253
000000286310
000000286414
000000286490
000000286530
000000286576
000000286645
000000286753
000000286792
000000286823
000000286874
000000286925
000000286939
000000286998
000000287039
000000287105
000000287171
000000287219
000000287235
000000287305
000000287335
000000287364
000000287402
000000287437
000000287509
000000287567
000000287590
000000287666
000000287767
000000287822
000000287831
000000287870
000000287884
000000287907
000000287958
000000288000
000000288025
000000288099
000000288137
000000288194
000000288227
000000288262
000000288336
000000288378
000000288403
000000288421
000000288453
000000288513
000000288559
000000288580
000000288599
000000288649
000000288673
000000288707
000000288737
000000288776
000000288805
000000288848
000000288923
000000288984
000000289007
000000289034
000000289107
000000289194
000000289245
000000289312
000000289341
000000289423
000000289471
000000289515
000000289572
000000289654
000000289682
000000289693
000000289805
000000289855
000000289899
000000289962
000000290002
000000290106
000000290136
000000290153
000000290183
000000290221
000000290262
000000290285
000000290331
000000290361
000000290410
000000290425
000000290460
000000290521
000000290578
000000290608
000000290700
000000290741
000000290804
000000290839
000000290864
000000290898
000000290941
000000290969
000000291028
000000291072
000000291149
000000291206
000000291286
000000291345
000000291394
000000291478
000000291506
000000291537
000000291560
000000291599
000000291655
000000291675
000000291712
000000291755
000000291780
000000291833
000000291866
000000291930
000000291962
000000292030
000000292058
000000292145
000000292171
000000292211
000000292278
000000292312
000000292349
000000292394
000000292436
000000292485
000000292526
000000292590
000000292645
000000292688
000000292782
000000292804
000000292829
000000292888
000000292920
000000292928
000000292986
000000293026
000000293130
000000293215
000000293252
000000293304
000000293342
000000293377
000000293412
000000293452
000000293505
000000293554
000000293591
000000293611
000000293713
000000293763
000000293789
000000293811
000000293841
000000293895
000000293931
000000293979
000000294030
000000294104
000000294134
000000294223
000000294244
000000294302
000000294321
000000294371
000000294423
000000294491
000000294541
000000294593
000000294634
000000294667
000000294763
000000294832
000000294847
000000294900
000000294956
000000294977
000000295015
000000295076
000000295116
000000295166
000000295242
000000295270
000000295308
000000295328
000000295377
000000295433
000000295473
000000295556
000000295577
000000295613
000000295655
000000295695
000000295756
000000295773
000000295853
000000295924
000000295957
000000296038
000000296072
000000296110
000000296135
000000296169
000000296192
000000296255
000000296289
000000296367
000000296462
000000296564
000000296602
000000296676
000000296703
000000296731
000000296770
000000296831
000000296865
000000296901
000000296975
000000296996
000000297069
000000297154
000000297198
000000297249
000000297267
000000297314
000000297387
000000297417
000000297510
000000297559
000000297604
000000297617
000000297669
000000297692
000000297770
000000297829
000000297859
000000297877
000000297919
000000297954
000000297969
000000297989
000000298060
000000298139
000000298170
000000298203
000000298278
000000298312
000000298372
000000298452
000000298558
000000298596
000000298644
000000298726
000000298773
000000298799
000000298848
000000298906
000000298949
000000299017
000000299045
000000299148
000000299216
000000299271
000000299319
000000299353
000000299372
000000299468
000000299496
000000299573
000000299641
000000299675
000000299704
000000299734
000000299781
000000299836
000000299970
000000300008
000000300024
000000300040
000000300057
000000300102
000000300159
000000300189
000000300207
000000300260
000000300279
000000300333
000000300388
000000300439
000000300488
000000300571
000000300644
000000300701
000000300748
000000300814
000000300882
000000300929
000000300955
000000300979
000000301018
000000301106
000000301171
000000301207
000000301232
000000301281
000000301344
000000301381
000000301432
000000301484
000000301541
000000301597
000000301648
000000301684
000000301735
000000301753
000000301781
000000301837
000000301885
000000301926
000000302000
000000302035
000000302089
000000302117
000000302160
000000302206
000000302243
000000302282
000000302318
000000302372
000000302396
000000302467
000000302512
000000302547
000000302582
000000302601
000000302687
000000302712
000000302838
000000302886
000000302964
000000302997
000000303034
000000303108
000000303178
000000303232
000000303287
000000303376
000000303407
000000303423
000000303507
000000303543
000000303627
000000303666
000000303743
000000303822
000000303892
000000303962
000000303994
000000304027
000000304060
000000304078
000000304115
000000304157
000000304217
000000304240
000000304295
000000304315
000000304341
000000304382
000000304408
000000304466
000000304523
000000304570
000000304614
000000304645
000000304693
000000304794
000000304849
000000304876
000000304919
000000304937
000000305004
000000305075
000000305100
000000305135
000000305175
000000305227
000000305256
000000305319
000000305348
000000305368
000000305384
000000305423
000000305464
000000305492
000000305527
000000305577
000000305634
000000305667
000000305732
000000305813
000000305879
000000305905
000000305959
000000305986
000000306060
000000306099
000000306135
000000306160
000000306207
000000306232
000000306264
000000306335
000000306404
000000306444
000000306456
000000306499
000000306531
000000306557
000000306611
000000306667
000000306718
000000306812
000000306868
000000306900
000000306928
000000306975
000000307016
000000307050
000000307136
000000307153
000000307186
000000307240
000000307272
000000307323
000000307371
000000307442
000000307502
000000307538
000000307569
000000307662
000000307703
000000307757
000000307786
000000307825
000000307932
000000307970
000000308026
000000308078
000000308086
000000308103
000000308128
000000308168
000000308223
000000308263
000000308292
000000308350
000000308423
000000308468
000000308520
000000308568
000000308599
000000308612
000000308652
000000308672
000000308702
000000308744
000000308774
000000308847
000000308950
000000308979
000000309033
000000309137
000000309163
000000309206
000000309264
000000309323
000000309403
000000309474
000000309499
000000309531
000000309571
000000309599
000000309696
000000309753
000000309797
000000309836
000000309875
000000309916
000000309944
000000310029
000000310082
000000310128
000000310156
000000310196
000000310240
000000310342
000000310435
000000310524
000000310543
000000310564
000000310617
000000310673
000000310711
000000310753
000000310843
000000310868
000000310882
000000310906
000000310981
000000311007
000000311031
000000311075
000000311099
000000311206
000000311250
000000311286
000000311354
000000311401
000000311428
000000311478
000000311522
000000311583
000000311629
000000311669
000000311715
000000311796
000000311882
000000311913
000000311953
000000311999
000000312046
000000312078
000000312142
000000312204
000000312248
000000312343
000000312384
000000312439
000000312465
000000312486
000000312565
000000312631
000000312682
000000312746
000000312790
000000312841
000000312870
000000312894
000000312943
000000312959
000000313057
000000313134
000000313201
000000313263
000000313345
000000313384
000000313398
000000313449
000000313502
000000313525
000000313601
000000313659
000000313705
000000313727
000000313792
000000313820
000000313861
000000313924
000000313953
000000313984
000000314044
000000314068
000000314108
000000314179
000000314202
000000314279
000000314297
000000314357
000000314383
000000314426
000000314450
000000314538
000000314561
000000314616
000000314649
000000314681
000000314718
000000314766
000000314788
000000314852
000000314880
000000314915
000000314986
000000315036
000000315092
000000315128
000000315165
000000315193
000000315226
000000315256
000000315322
000000315352
000000315402
000000315427
000000315461
000000315491
000000315605
000000315621
000000315660
000000315705
000000315773
000000315810
000000315861
000000315909
000000315960
000000316000
000000316012
000000316026
000000316075
000000316113
000000316147
000000316161
000000316190
000000316269
000000316351
000000316397
000000316443
000000316495
000000316578
000000316631
000000316657
000000316699
000000316755
000000316781
000000316806
000000316852
000000316914
000000316970
000000317019
000000317070
000000317130
000000317172
000000317193
000000317234
000000317286
000000317407
000000317460
000000317514
000000317557
000000317659
000000317732
000000317792
000000317816
000000317838
000000317878
000000317939
000000317998
000000318073
000000318108
000000318147
000000318187
000000318224
000000318261
000000318314
000000318388
000000318445
000000318491
000000318529
000000318556
000000318566
000000318605
000000318681
000000318741
000000318789
000000318815
000000318892
000000318965
000000319038
000000319070
000000319117
000000319127
000000319188
000000319216
000000319266
000000319339
000000319398
000000319440
000000319452
000000319469
000000319522
000000319579
000000319609
000000319647
000000319685
000000319714
000000319768
000000319855
000000319903
000000319931
000000319962
000000320008
000000320085
000000320115
000000320144
000000320173
000000320203
000000320234
000000320271
000000320290
000000320333
000000320370
000000320396
000000320429
000000320482
000000320533
000000320611
000000320641
000000320682
000000320731
000000320804
000000320864
000000320911
000000320946
000000320978
000000321026
000000321057
000000321089
000000321168
000000321213
000000321235
000000321308
000000321325
000000321346
000000321418
000000321432
000000321493
000000321517
000000321554
000000321646
000000321665
000000321705
000000321776
000000321805
000000321844
000000321865
000000321907
000000321959
000000322023
000000322089
000000322127
000000322164
000000322180
000000322253
000000322350
000000322376
000000322405
000000322473
000000322553
000000322594
000000322638
000000322692
000000322735
000000322768
000000322795
000000322820
000000322831
000000322858
000000322894
000000322943
000000322972
000000323000
000000323091
000000323153
000000323208
000000323267
000000323369
000000323389
000000323424
000000323478
000000323519
000000323583
000000323668
000000323715
000000323752
000000323791
000000323813
000000323851
000000323900
000000323950
000000323983
000000324036
000000324104
000000324161
000000324231
000000324286
000000324322
000000324366
000000324448
000000324476
000000324554
000000324595
000000324646
000000324688
000000324706
000000324785
000000324849
000000324912
000000324969
000000325043
000000325115
000000325152
000000325208
000000325277
000000325302
000000325357
000000325384
000000325391
000000325472
000000325495
000000325530
000000325567
000000325583
000000325595
000000325634
000000325666
000000325690
000000325736
000000325781
000000325799
000000325871
000000325919
000000325944
000000326011
000000326073
000000326083
000000326176
000000326203
000000326232
000000326290
000000326369
000000326420
000000326465
000000326555
000000326583
000000326618
000000326663
000000326709
000000326780
000000326814
000000326859
000000326920
000000326941
000000326995
000000327131
000000327174
000000327215
000000327262
000000327304
000000327367
000000327413
000000327432
000000327468
000000327502
000000327575
000000327625
000000327695
000000327735
000000327811
000000327857
000000327919
000000327970
000000328041
000000328111
000000328158
000000328181
000000328228
000000328289
000000328315
000000328354
000000328421
000000328464
000000328499
000000328574
000000328628
000000328688
000000328732
000000328783
000000328818
000000328883
000000329001
000000329026
000000329088
000000329118
000000329175
000000329230
000000329261
000000329286
000000329337
000000329368
000000329387
000000329462
000000329498
000000329541
000000329573
000000329613
000000329641
000000329664
000000329711
000000329751
000000329766
000000329817
000000329892
000000329940
000000329993
000000330025
000000330053
000000330086
000000330136
000000330187
000000330241
000000330284
000000330356
000000330400
000000330429
000000330486
000000330511
000000330535
000000330572
000000330583
000000330676
000000330699
000000330727
000000330750
000000330807
000000330878
000000330919
000000330934
000000330986
000000331059
000000331085
000000331126
000000331185
000000331203
000000331236
000000331272
000000331307
000000331403
000000331496
000000331594
000000331680
000000331698
000000331749
000000331816
000000331864
000000331904
000000331978
000000332007
000000332063
000000332097
000000332131
000000332202
000000332217
000000332300
000000332352
000000332405
000000332427
000000332463
000000332489
000000332537
000000332568
000000332606
000000332690
000000332736
000000332777
000000332851
000000332912
000000332931
000000333014
000000333034
000000333087
000000333130
000000333198
000000333267
000000333324
000000333363
000000333378
000000333433
000000333485
000000333517
000000333575
000000333630
000000333663
000000333708
000000333730
000000333754
000000333820
000000333841
000000333888
000000333910
000000333951
000000334012
000000334048
000000334074
000000334121
000000334184
000000334217
000000334251
000000334283
000000334328
000000334391
000000334410
000000334466
000000334517
000000334566
000000334600
000000334610
000000334675
000000334715
000000334751
000000334774
000000334788
000000334840
000000334868
000000334936
000000334957
000000334997
000000335054
000000335101
000000335194
000000335216
000000335255
000000335304
000000335336
000000335411
000000335459
000000335486
000000335524
000000335590
000000335644
000000335670
000000335733
000000335767
000000335802
000000335827
000000335847
000000335864
000000335909
000000335925
000000335984
000000336006
000000336049
000000336079
000000336162
000000336230
000000336330
000000336374
000000336426
000000336459
000000336484
000000336517
000000336580
000000336645
000000336690
000000336763
000000336777
000000336839
000000336919
000000336959
000000336984
000000337019
000000337047
000000337111
000000337139
000000337177
000000337194
000000337256
000000337297
000000337353
000000337420
000000337479
000000337517
000000337547
000000337602
000000337667
000000337707
000000337730
000000337784
000000337818
000000337895
000000337930
000000337991
000000338041
000000338098
000000338132
000000338156
000000338173
000000338220
000000338265
000000338319
000000338439
000000338488
000000338518
000000338531
000000338562
000000338597
000000338637
000000338703
000000338760
000000338819
000000338880
000000338941
000000338987
000000339001
000000339035
000000339105
000000339151
000000339192
000000339244
000000339276
000000339344
000000339361
000000339404
000000339499
000000339547
000000339591
000000339676
000000339705
000000339790
000000339849
000000339914
000000340036
000000340103
000000340136
000000340197
000000340222
000000340258
000000340285
000000340321
000000340393
000000340425
000000340472
000000340508
000000340544
000000340602
000000340636
000000340658
000000340700
000000340771
000000340884
000000340941
000000340998
000000341033
000000341048
000000341067
000000341113
000000341161
000000341193
000000341272
000000341299
000000341341
000000341393
000000341431
000000341487
000000341534
000000341592
000000341639
000000341700
000000341725
000000341794
000000341822
000000341899
000000341929
000000341981
000000342025
000000342075
000000342105
000000342183
000000342234
000000342296
000000342334
000000342385
000000342417
000000342476
000000342494
000000342521
000000342585
000000342643
000000342688
000000342711
000000342762
000000342797
000000342843
000000342932
000000342958
000000342998
000000343038
000000343087
000000343159
000000343193
000000343215
000000343255
000000343309
000000343357
000000343445
000000343520
000000343599
000000343629
000000343703
000000343749
000000343770
000000343857
000000343898
000000343942
000000343967
000000344005
000000344043
000000344126
000000344190
000000344205
000000344261
000000344284
000000344353
000000344397
000000344415
000000344483
000000344520
000000344637
000000344726
000000344762
000000344830
000000344859
000000344883
000000344902
000000345009
000000345063
000000345100
000000345154
000000345216
000000345275
000000345329
000000345370
000000345401
000000345497
000000345536
000000345562
000000345591
000000345644
000000345719
000000345802
000000345838
000000345870
000000345899
000000345937
000000345961
000000345988
000000346028
000000346062
000000346107
000000346178
000000346287
000000346334
000000346345
000000346377
000000346407
000000346445
000000346469
000000346544
000000346587
000000346641
000000346699
000000346726
000000346785
000000346817
000000346853
000000346898
000000346932
000000347007
000000347042
000000347099
000000347135
000000347155
000000347179
000000347224
000000347274
000000347312
000000347377
000000347460
000000347509
000000347558
000000347596
000000347649
000000347697
000000347740
000000347766
000000347818
000000347926
000000347962
000000348015
000000348047
000000348076
000000348111
000000348175
000000348204
000000348251
000000348306
000000348364
000000348451
000000348480
000000348510
000000348523
000000348562
000000348604
000000348648
000000348697
000000348759
000000348825
000000348853
000000348905
000000348957
000000349006
000000349047
000000349083
000000349134
000000349185
000000349208
000000349267
000000349318
000000349352
000000349386
000000349418
000000349459
000000349486
000000349560
000000349579
000000349609
000000349686
000000349698
000000349775
000000349868
000000349907
000000349934
000000349964
000000350040
000000350073
000000350099
000000350150
000000350171
000000350214
000000350262
000000350331
000000350360
000000350416
000000350447
000000350467
000000350492
000000350552
000000350596
000000350631
000000350663
000000350686
000000350736
000000350789
000000350826
000000350897
000000350969
000000351002
000000351053
000000351104
000000351140
000000351191
000000351233
000000351288
000000351359
000000351384
000000351420
000000351477
000000351534
000000351588
000000351627
000000351729
000000351827
000000351855
000000351935
000000351981
000000352019
000000352081
000000352120
000000352145
000000352184
000000352194
000000352217
000000352248
000000352276
000000352302
000000352361
000000352421
000000352454
000000352498
000000352515
000000352552
000000352587
000000352681
000000352739
000000352829
000000352866
000000352945
000000353017
000000353072
000000353133
000000353216
000000353231
000000353302
000000353344
000000353372
000000353405
000000353480
000000353509
000000353543
000000353562
000000353593
000000353644
000000353666
000000353709
000000353761
000000353817
000000353881
000000353902
000000353920
000000353989
000000354003
000000354075
000000354132
000000354179
000000354235
000000354248
000000354303
000000354316
000000354483
000000354546
000000354616
000000354662
000000354716
000000354741
000000354814
000000354831
000000354863
000000354930
000000354993
000000355035
000000355081
000000355108
000000355137
000000355192
000000355214
000000355270
000000355321
000000355406
000000355441
000000355513
000000355550
000000355603
000000355638
000000355667
000000355717
000000355777
000000355801
000000355875
000000356006
000000356066
000000356112
000000356159
000000356224
000000356299
000000356394
000000356414
000000356476
000000356490
000000356533
000000356641
000000356673
000000356734
000000356765
000000356791
000000356836
000000356877
000000356937
000000356970
000000357041
000000357074
000000357164
000000357203
000000357235
000000357272
000000357312
000000357386
000000357432
000000357493
000000357511
000000357601
000000357659
000000357733
000000357762
000000357800
000000357824
000000357852
000000357930
000000357996
000000358033
000000358060
000000358081
000000358118
000000358172
000000358222
000000358254
000000358302
000000358344
000000358425
000000358457
000000358494
000000358555
000000358607
000000358642
000000358674
000000358781
000000358825
000000358903
000000358982
000000359033
000000359070
000000359104
000000359131
000000359143
000000359156
000000359202
000000359249
000000359339
000000359375
000000359405
000000359439
000000359471
000000359563
000000359625
000000359676
000000359704
000000359722
000000359753
000000359805
000000359851
000000359904
000000359977
000000360066
000000360132
000000360181
000000360231
000000360263
000000360342
000000360371
000000360422
000000360452
000000360504
000000360535
000000360571
000000360606
000000360630
000000360678
000000360706
000000360739
000000360778
000000360826
000000360868
000000360910
000000360991
000000361046
000000361059
000000361119
000000361149
000000361221
000000361253
000000361285
000000361341
000000361381
000000361400
000000361439
000000361464
000000361592
000000361618
000000361648
000000361692
000000361763
000000361788
000000361831
000000361860
000000361920
000000361933
000000361991
000000362026
000000362094
000000362151
000000362175
000000362232
000000362275
000000362312
000000362343
000000362391
000000362465
000000362509
000000362563
000000362608
000000362642
000000362677
000000362711
000000362740
000000362769
000000362796
000000362884
000000363037
000000363071
000000363111
000000363128
000000363163
000000363194
000000363252
000000363333
000000363386
000000363426
000000363469
000000363504
000000363541
000000363640
000000363826
000000363847
000000363885
000000363935
000000364027
000000364082
000000364113
000000364145
000000364167
000000364203
000000364252
000000364288
000000364343
000000364385
000000364448
000000364470
000000364522
000000364567
000000364608
000000364743
000000364806
000000364917
000000364959
000000365032
000000365099
000000365137
000000365191
000000365261
000000365298
000000365317
000000365344
000000365386
000000365434
000000365456
000000365487
000000365523
000000365553
000000365572
000000365611
000000365624
000000365662
000000365709
000000365755
000000365822
000000365855
000000365927
000000365948
000000365999
000000366025
000000366086
000000366115
000000366139
000000366162
000000366207
000000366262
000000366316
000000366379
000000366405
000000366459
000000366508
000000366576
000000366599
000000366661
000000366706
000000366753
000000366793
000000366829
000000366867
000000366975
000000367087
000000367111
000000367148
000000367222
000000367260
000000367329
000000367362
000000367409
000000367433
000000367452
000000367509
000000367554
000000367611
000000367670
000000367716
000000367743
000000367767
000000367804
000000367850
000000367907
000000367954
000000368014
000000368062
000000368086
000000368116
000000368148
000000368206
000000368280
000000368307
000000368347
000000368370
000000368409
000000368442
000000368460
000000368515
000000368564
000000368626
000000368656
000000368671
000000368731
000000368768
000000368874
000000368885
000000368969
000000368983
000000369049
000000369095
000000369170
000000369202
000000369230
000000369271
000000369304
000000369367
000000369470
000000369509
000000369547
000000369593
000000369610
000000369667
000000369703
000000369784
000000369820
000000369840
000000369905
000000369977
000000370012
000000370103
000000370123
000000370157
000000370242
000000370273
000000370363
000000370405
000000370444
000000370475
000000370523
000000370583
000000370637
000000370701
000000370736
000000370745
000000370783
000000370842
000000370890
000000370918
000000370973
000000371002
000000371029
000000371106
000000371135
000000371155
000000371179
000000371217
000000371243
000000371283
000000371322
000000371395
000000371453
000000371506
000000371531
000000371595
000000371633
000000371654
000000371703
000000371735
000000371829
000000371874
000000371940
000000371977
000000372043
000000372122
000000372165
000000372199
000000372246
000000372258
000000372311
000000372374
000000372428
000000372482
000000372511
000000372580
000000372604
000000372633
000000372702
000000372775
000000372844
000000372914
000000372971
000000373029
000000373060
000000373099
000000373119
000000373189
000000373267
000000373292
000000373325
000000373342
000000373381
000000373410
000000373439
000000373512
000000373568
000000373591
000000373648
000000373683
000000373737
000000373785
000000373821
000000373857
000000373923
000000373997
000000374023
000000374051
000000374106
000000374171
000000374241
000000374351
000000374374
000000374405
000000374458
000000374516
000000374538
000000374597
000000374669
000000374707
000000374796
000000374886
000000374946
000000374966
000000374999
000000375080
000000375110
000000375169
000000375226
000000375304
000000375361
000000375400
000000375455
000000375503
000000375544
000000375654
000000375714
000000375739
000000375786
000000375812
000000375846
000000375904
000000375939
000000376009
000000376047
000000376123
000000376165
000000376246
000000376362
000000376405
000000376434
000000376456
000000376491
000000376549
000000376684
000000376763
000000376790
000000376870
000000376945
000000376984
000000377060
000000377105
000000377183
000000377226
000000377245
000000377294
000000377329
000000377401
000000377422
000000377488
000000377525
000000377577
000000377597
000000377619
000000377672
000000377715
000000377760
000000377804
000000377837
000000377920
000000377960
000000378012
000000378035
000000378059
000000378098
000000378137
000000378272
000000378375
000000378451
000000378491
000000378548
000000378604
000000378628
000000378652
000000378661
000000378692
000000378720
000000378765
000000378814
000000378859
000000378918
000000378962
000000378983
000000379035
000000379070
000000379115
000000379172
000000379230
000000379272
000000379316
000000379376
000000379464
000000379488
000000379529
000000379545
000000379580
000000379630
000000379678
000000379740
000000379754
000000379841
000000379882
000000379966
000000380016
000000380096
000000380109
000000380126
000000380143
000000380227
000000380284
000000380315
000000380344
000000380427
000000380482
000000380522
000000380574
000000380636
000000380698
000000380732
000000380780
000000380854
000000380887
000000380931
000000381017
000000381065
000000381112
000000381186
000000381214
000000381254
000000381280
000000381350
000000381403
000000381463
000000381509
000000381546
000000381595
000000381629
000000381661
000000381709
000000381786
000000381808
000000381842
000000381890
000000381928
000000381972
000000381998
000000382041
000000382089
000000382171
000000382193
000000382263
000000382307
000000382333
000000382357
000000382401
000000382438
000000382476
000000382521
000000382603
000000382631
000000382662
000000382673
000000382689
000000382707
000000382729
000000382780
000000382873
000000382997
000000383046
000000383107
000000383158
000000383213
000000383341
000000383397
000000383452
000000383470
000000383549
000000383581
000000383645
000000383699
000000383737
000000383760
000000383826
000000383893
000000383937
000000384027
000000384038
000000384110
000000384161
000000384230
000000384260
000000384316
000000384332
000000384395
000000384424
000000384496
000000384528
000000384573
000000384617
000000384659
000000384698
000000384793
000000384848
000000384916
000000384986
000000385005
000000385042
000000385103
000000385118
000000385144
000000385178
000000385239
000000385299
000000385317
000000385346
000000385406
000000385438
000000385494
000000385588
000000385626
000000385661
000000385695
000000385781
000000385837
000000385881
000000385912
000000385935
000000385972
000000386068
000000386116
000000386179
000000386204
000000386257
000000386299
000000386370
000000386436
000000386475
000000386530
000000386564
000000386623
000000386640
000000386695
000000386755
000000386796
000000386856
000000386929
000000387048
000000387109
000000387173
000000387223
000000387248
000000387293
000000387352
000000387379
000000387410
000000387441
000000387482
000000387529
000000387562
000000387635
000000387672
000000387731
000000387762
000000387809
000000387883
000000387948
000000387977
000000388019
000000388027
000000388085
000000388203
000000388227
000000388267
000000388298
000000388325
000000388353
000000388417
000000388464
000000388500
000000388512
000000388575
000000388643
000000388714
000000388761
000000388777
000000388854
000000388881
000000388911
000000388933
000000388980
000000389041
000000389103
000000389133
000000389174
000000389205
000000389244
000000389273
000000389336
000000389378
000000389400
000000389487
000000389542
000000389589
000000389634
000000389692
000000389721
000000389793
000000389824
000000389957
000000389984
000000390052
000000390120
000000390159
000000390190
000000390269
000000390341
000000390368
000000390439
000000390524
000000390567
000000390585
000000390610
000000390671
000000390693
000000390756
000000390785
000000390856
000000390915
000000390956
000000391006
000000391046
000000391170
000000391214
000000391225
000000391284
000000391325
000000391367
000000391410
000000391444
000000391480
000000391521
000000391596
000000391652
000000391682
000000391700
000000391735
000000391771
000000391825
000000391842
000000391887
000000391912
000000391933
000000391989
000000392027
000000392060
000000392144
000000392162
000000392209
000000392290
000000392363
000000392404
000000392458
000000392537
000000392612
000000392674
000000392727
000000392781
000000392843
000000392914
000000392949
000000392981
000000393027
000000393064
000000393121
000000393129
000000393212
000000393230
000000393266
000000393284
000000393333
000000393410
000000393438
000000393486
000000393513
000000393546
000000393578
000000393602
000000393630
000000393664
000000393692
000000393709
000000393762
000000393826
000000393900
000000393928
000000393979
000000393989
000000394009
000000394058
000000394113
000000394208
000000394242
000000394251
000000394325
000000394415
000000394468
000000394483
000000394517
000000394533
000000394590
000000394691
000000394739
000000394783
000000394866
000000394929
000000395013
000000395083
000000395140
000000395178
000000395198
000000395242
000000395293
000000395341
000000395396
000000395469
000000395500
000000395552
000000395591
000000395665
000000395716
000000395765
000000395838
000000395865
000000395973
000000396051
000000396097
000000396157
000000396204
000000396221
000000396317
000000396354
000000396412
000000396490
000000396550
000000396622
000000396670
000000396693
000000396762
000000396792
000000396852
000000396905
000000396942
000000396977
000000397010
000000397101
000000397163
000000397190
000000397213
000000397254
000000397291
000000397352
000000397403
000000397455
000000397482
000000397522
000000397628
000000397678
000000397736
000000397772
000000397832
000000397893
000000397941
000000397986
000000398007
000000398051
000000398071
000000398105
000000398140
000000398164
000000398188
000000398214
000000398279
000000398339
000000398397
000000398433
000000398454
000000398505
000000398525
000000398540
000000398567
000000398575
000000398613
000000398632
000000398674
000000398756
000000398803
000000398863
000000398941
000000399009
000000399042
000000399091
000000399148
000000399181
000000399213
000000399241
000000399275
000000399358
000000399384
000000399441
000000399499
000000399538
000000399558
000000399585
000000399626
000000399661
000000399703
000000399759
000000399784
000000399832
000000399875
000000399905
000000399939
000000399968
000000399991
000000400062
000000400107
000000400149
000000400202
000000400257
000000400303
000000400353
000000400405
000000400430
000000400449
000000400487
000000400552
000000400567
000000400593
000000400622
000000400658
000000400719
000000400740
000000400828
000000400851
000000400886
000000400916
000000400948
000000401003
000000401041
000000401071
000000401163
000000401196
000000401229
000000401270
000000401312
000000401381
000000401429
000000401450
000000401507
000000401518
000000401553
000000401569
000000401608
000000401652
000000401699
000000401735
000000401776
000000401808
000000401826
000000401842
000000401857
000000401901
000000401951
000000402071
000000402163
000000402184
000000402243
000000402305
000000402357
000000402384
000000402405
000000402410
000000402527
000000402598
000000402639
000000402683
000000402723
000000402776
000000402808
000000402829
000000402880
000000402897
000000402915
000000402936
000000402970
000000403054
000000403109
000000403143
000000403180
000000403222
000000403250
000000403278
000000403315
000000403351
000000403407
000000403472
000000403515
000000403525
000000403558
000000403644
000000403680
000000403716
000000403758
000000403830
000000403915
000000403940
000000403966
000000404013
000000404046
000000404095
000000404139
000000404165
000000404204
000000404235
000000404263
000000404297
000000404373
000000404464
000000404504
000000404546
000000404585
000000404633
000000404714
000000404753
000000404780
000000404823
000000404871
000000404917
000000404982
000000405021
000000405088
000000405111
000000405146
000000405177
000000405209
000000405226
000000405327
000000405441
000000405527
000000405580
000000405622
000000405648
000000405683
000000405736
000000405767
000000405823
000000405886
000000405931
000000405997
000000406055
000000406097
000000406139
000000406171
000000406208
000000406250
000000406342
000000406391
000000406420
000000406489
000000406530
000000406591
000000406662
000000406732
000000406750
000000406767
000000406826
000000406899
000000406920
000000406948
000000406981
000000407040
000000407072
000000407115
000000407146
000000407180
000000407210
000000407253
000000407291
000000407346
000000407378
000000407413
000000407457
000000407522
000000407559
000000407626
000000407674
000000407698
000000407768
000000407814
000000407905
000000407927
000000407974
000000408016
000000408057
000000408100
000000408146
000000408227
000000408252
000000408288
000000408336
000000408373
000000408426
000000408456
000000408480
000000408501
000000408526
000000408537
000000408599
000000408672
000000408735
000000408799
000000408808
000000408835
000000408894
000000408930
000000409020
000000409052
000000409098
000000409120
000000409134
000000409155
000000409194
000000409220
000000409327
000000409351
000000409369
000000409414
000000409468
000000409510
000000409570
000000409623
000000409658
000000409681
000000409744
000000409796
000000409842
000000409884
000000409909
000000409953
000000409979
000000410054
000000410082
000000410108
000000410175
000000410236
000000410301
000000410339
000000410388
000000410425
000000410494
000000410581
000000410599
000000410622
000000410663
000000410755
000000410885
000000410942
000000411009
000000411044
000000411130
000000411184
000000411243
000000411341
000000411368
000000411408
000000411443
000000411480
000000411541
000000411583
000000411630
000000411686
000000411748
000000411775
000000411815
000000411840
000000411862
000000411913
000000411943
000000411975
000000412002
000000412019
000000412083
000000412167
000000412200
000000412248
000000412363
000000412384
000000412419
000000412483
000000412510
000000412551
000000412584
000000412616
000000412658
000000412690
000000412720
000000412753
000000412788
000000412806
000000412853
000000412876
000000412901
000000412931
000000412978
000000413070
000000413096
000000413121
000000413172
000000413222
000000413248
000000413290
000000413321
000000413354
000000413391
000000413459
000000413533
000000413556
000000413598
000000413684
000000413719
000000413746
000000413804
000000413865
000000413903
000000413942
000000413984
000000414022
000000414068
000000414108
000000414156
000000414216
000000414279
000000414324
000000414374
000000414516
000000414610
000000414661
000000414683
000000414733
000000414787
000000414848
000000414868
000000414885
000000414912
000000414982
000000415027
000000415089
000000415162
000000415225
000000415325
000000415370
000000415435
000000415500
000000415533
000000415585
000000415619
000000415663
000000415728
000000415789
000000415821
000000415901
000000415935
000000415967
000000416013
000000416059
000000416103
000000416165
000000416193
000000416279
000000416303
000000416355
000000416387
000000416469
000000416484
000000416524
000000416545
000000416605
000000416643
000000416718
000000416760
000000416810
000000416864
000000416918
000000416957
000000416981
000000417055
000000417129
000000417217
000000417259
000000417273
000000417303
000000417350
000000417402
000000417430
000000417485
000000417571
000000417594
000000417606
000000417679
000000417716
000000417763
000000417823
000000417885
000000418002
000000418057
000000418085
000000418106
000000418152
000000418214
000000418257
000000418325
000000418384
000000418473
000000418505
000000418569
000000418624
000000418680
000000418699
000000418805
000000418844
000000418907
000000418949
000000419013
000000419056
000000419080
000000419105
000000419145
000000419212
000000419255
000000419310
000000419349
000000419375
000000419445
000000419550
000000419587
000000419624
000000419682
000000419724
000000419752
000000419780
000000419854
000000419867
000000419963
000000420007
000000420045
000000420070
000000420113
000000420234
000000420290
000000420347
000000420380
000000420412
000000420465
000000420500
000000420536
000000420579
000000420615
000000420658
000000420702
000000420775
000000420852
000000420882
000000420914
000000420976
000000421028
000000421102
000000421128
000000421155
000000421201
000000421250
000000421307
000000421325
000000421367
000000421400
000000421437
000000421491
000000421535
000000421558
000000421599
000000421655
000000421676
000000421734
000000421810
000000421853
000000421893
000000421970
000000421995
000000422029
000000422105
000000422161
000000422211
000000422286
000000422300
000000422314
000000422350
000000422395
000000422464
000000422536
000000422563
000000422603
000000422640
000000422744
000000422785
000000422850
000000422877
000000422953
000000423025
000000423052
000000423097
000000423161
000000423209
000000423327
000000423354
000000423425
000000423479
000000423502
000000423534
000000423562
000000423619
000000423643
000000423718
000000423767
000000423777
000000423804
000000423830
000000423855
000000423943
000000424002
000000424102
000000424157
000000424172
000000424229
000000424293
000000424327
000000424370
000000424431
000000424481
000000424528
000000424560
000000424633
000000424718
000000424771
000000424819
000000424867
000000424960
000000424998
000000425062
000000425077
000000425150
000000425161
000000425249
000000425269
000000425303
000000425324
000000425398
000000425461
000000425520
000000425555
000000425578
000000425669
000000425709
000000425772
000000425815
000000425898
000000425948
000000426007
000000426038
000000426064
000000426094
000000426179
000000426229
000000426261
000000426342
000000426420
000000426453
000000426482
000000426520
000000426548
000000426598
000000426635
000000426680
000000426758
000000426815
000000426840
000000426875
000000426915
000000426948
000000427007
000000427035
000000427070
000000427100
000000427133
000000427165
000000427232
000000427343
000000427382
000000427434
000000427471
000000427583
000000427643
000000427679
000000427736
000000427770
000000427800
000000427864
000000427901
000000427918
000000427965
000000427992
000000428018
000000428033
000000428079
000000428125
000000428178
000000428234
000000428254
000000428305
000000428379
000000428440
000000428503
000000428580
000000428612
000000428726
000000428773
000000428816
000000428858
000000428898
000000429015
000000429052
000000429092
000000429144
000000429174
000000429246
000000429283
000000429321
000000429361
000000429386
000000429490
000000429568
000000429591
000000429613
000000429644
000000429693
000000429712
000000429758
000000429807
000000429829
000000429895
000000429913
000000430035
000000430086
000000430101
000000430155
000000430205
000000430249
000000430265
000000430325
000000430369
000000430391
000000430473
000000430522
000000430577
000000430610
000000430665
000000430744
000000430789
000000430808
000000430890
000000431012
000000431025
000000431062
000000431092
000000431133
000000431167
000000431190
000000431219
000000431256
000000431306
000000431342
000000431383
000000431426
000000431501
000000431526
000000431554
000000431569
000000431606
000000431675
000000431731
000000431799
000000431825
000000431847
000000431885
000000431921
000000431967
000000431991
000000432008
000000432055
000000432134
000000432169
000000432216
000000432247
000000432288
000000432309
000000432339
000000432414
000000432421
000000432453
000000432527
000000432598
000000432616
000000432627
000000432668
000000432744
000000432805
000000432868
000000432908
000000432964
000000433019
000000433046
000000433101
000000433151
000000433182
000000433214
000000433262
000000433286
000000433353
000000433438
000000433460
000000433504
000000433546
000000433568
000000433637
000000433667
000000433716
000000433787
000000433826
000000433874
000000433919
000000433968
000000433992
000000434022
000000434045
000000434072
000000434098
000000434139
000000434177
000000434200
000000434262
000000434319
000000434354
000000434379
000000434457
000000434493
000000434561
000000434622
000000434665
000000434765
000000434805
000000434828
000000434867
000000434915
000000434943
000000434991
000000435034
000000435090
000000435134
000000435145
000000435182
000000435218
000000435284
000000435312
000000435342
000000435360
000000435399
000000435435
000000435458
000000435479
000000435575
000000435664
000000435692
000000435709
000000435751
000000435785
000000435832
000000435894
000000435929
000000435975
000000436023
000000436048
000000436085
000000436141
000000436172
000000436203
000000436287
000000436306
000000436321
000000436385
000000436436
000000436504
000000436558
000000436580
000000436619
000000436647
000000436685
000000436744
000000436802
000000436835
000000436859
000000436895
000000436949
000000436984
000000437073
000000437118
000000437145
000000437262
000000437297
000000437303
000000437347
000000437416
000000437435
000000437497
000000437522
000000437543
000000437588
000000437609
000000437643
000000437701
000000437759
000000437808
000000437859
000000437889
000000437947
000000437996
000000438038
000000438095
000000438180
000000438200
000000438287
000000438315
000000438375
000000438439
000000438485
000000438514
000000438550
000000438617
000000438682
000000438707
000000438753
000000438807
000000438833
000000438909
000000438973
000000438989
000000439024
000000439089
000000439139
000000439185
000000439236
000000439262
000000439325
000000439356
000000439392
000000439423
000000439445
000000439519
000000439560
000000439614
000000439628
000000439702
000000439738
000000439781
000000439855
000000439907
000000439961
000000440015
000000440060
000000440093
000000440110
000000440157
000000440204
000000440283
000000440311
000000440352
000000440389
000000440443
000000440500
000000440539
000000440592
000000440666
000000440707
000000440726
000000440771
000000440810
000000440844
000000440893
000000440928
000000441012
000000441105
000000441211
000000441229
000000441292
000000441361
000000441415
000000441459
000000441480
000000441511
000000441598
000000441619
000000441659
000000441714
000000441777
000000441828
000000441854
000000441873
000000441906
000000441949
000000442040
000000442084
000000442133
000000442149
000000442205
000000442286
000000442324
000000442343
000000442394
000000442428
000000442450
000000442523
000000442556
000000442600
000000442646
000000442672
000000442732
000000442818
000000442878
000000442915
000000442968
000000443003
000000443057
000000443133
000000443204
000000443268
000000443294
000000443319
000000443360
000000443377
000000443432
000000443497
000000443524
000000443562
000000443593
000000443630
000000443687
000000443749
000000443780
000000443834
000000443883
000000443934
000000443963
000000444014
000000444043
000000444100
000000444141
000000444183
000000444233
000000444263
000000444274
000000444311
000000444353
000000444399
000000444445
000000444487
000000444503
000000444566
000000444631
000000444703
000000444765
000000444817
000000444871
000000444893
000000444928
000000444982
000000445004
000000445038
000000445071
000000445113
000000445143
000000445187
000000445242
000000445268
000000445305
000000445371
000000445427
000000445468
000000445515
000000445556
000000445601
000000445638
000000445754
000000445775
000000445859
000000445915
000000445972
000000446033
000000446084
000000446131
000000446223
000000446301
000000446332
000000446421
000000446481
000000446531
000000446597
000000446637
000000446732
000000446783
000000446813
000000446846
000000446882
000000446931
000000446956
000000447038
000000447083
000000447108
000000447124
000000447160
000000447228
000000447242
000000447302
000000447378
000000447432
000000447464
000000447485
000000447558
000000447607
000000447647
000000447694
000000447744
000000447773
000000447839
000000447907
000000447948
000000447980
000000448061
000000448117
000000448139
000000448175
000000448253
000000448352
000000448401
000000448461
000000448504
000000448623
000000448657
000000448700
000000448737
000000448787
000000448839
000000448859
000000448893
000000448998
000000449038
000000449082
000000449095
000000449114
000000449138
000000449210
000000449302
000000449315
000000449369
000000449392
000000449471
000000449529
000000449598
000000449657
000000449686
000000449708
000000449758
000000449781
000000449828
000000449847
000000449896
000000449939
000000449950
000000450037
000000450102
000000450169
000000450245
000000450309
000000450362
000000450414
000000450464
000000450483
000000450567
000000450596
000000450608
000000450647
000000450707
000000450759
000000450849
000000450885
000000450918
000000450970
000000451014
000000451058
000000451099
000000451131
000000451165
000000451196
000000451337
000000451356
000000451389
000000451471
000000451501
000000451535
000000451620
000000451651
000000451732
000000451825
000000451859
000000451922
000000451960
000000451983
000000452013
000000452060
000000452162
000000452187
000000452213
000000452236
000000452297
000000452371
000000452404
000000452459
000000452479
000000452545
000000452611
000000452674
000000452694
000000452721
000000452756
000000452799
000000452823
000000452878
000000452917
000000452931
000000452979
000000453050
000000453093
000000453132
000000453158
000000453221
000000453286
000000453319
000000453334
000000453366
000000453421
000000453452
000000453491
000000453523
000000453566
000000453602
000000453649
000000453738
000000453785
000000453870
000000453932
000000453968
000000454039
000000454072
000000454129
000000454162
000000454205
000000454282
000000454325
000000454388
000000454457
000000454524
000000454566
000000454622
000000454679
000000454749
000000454832
000000454864
000000454898
000000454956
000000455005
000000455044
000000455135
000000455210
000000455229
000000455290
000000455342
000000455363
000000455414
000000455435
000000455482
000000455523
000000455545
000000455613
000000455651
000000455665
000000455698
000000455741
000000455770
000000455859
000000455882
000000455959
000000456035
000000456045
000000456077
000000456149
000000456191
000000456216
000000456251
000000456322
000000456351
000000456425
000000456483
000000456519
000000456563
000000456589
000000456639
000000456708
000000456773
000000456800
000000456863
000000456900
000000456975
000000457016
000000457037
000000457131
000000457169
000000457191
000000457231
000000457268
000000457288
000000457360
000000457437
000000457476
000000457492
000000457537
000000457609
000000457656
000000457691
000000457720
000000457741
000000457780
000000457817
000000457833
000000457892
000000457948
000000458079
000000458093
000000458141
000000458160
000000458177
000000458205
000000458232
000000458355
000000458390
000000458448
000000458487
000000458560
000000458592
000000458606
000000458629
000000458664
000000458677
000000458724
000000458785
000000458821
000000458866
000000458925
000000458955
000000459001
000000459032
000000459104
000000459147
000000459185
000000459219
000000459301
000000459342
000000459374
000000459465
000000459537
000000459569
000000459653
000000459673
000000459755
000000459819
000000459879
000000459914
000000459951
000000459987
000000460030
000000460043
000000460100
000000460118
000000460149
000000460234
000000460243
000000460290
000000460346
000000460373
000000460407
000000460448
000000460514
000000460625
000000460646
000000460705
000000460732
000000460810
000000460858
000000460910
000000460944
000000460988
000000461007
000000461024
000000461086
000000461128
000000461175
000000461208
000000461236
000000461278
000000461306
000000461336
000000461389
000000461435
000000461477
000000461510
000000461560
000000461644
000000461669
000000461744
000000461786
000000461836
000000461860
000000461880
000000461914
000000461993
000000462052
000000462081
000000462131
000000462148
000000462241
000000462315
000000462342
000000462404
000000462501
000000462516
000000462530
000000462584
000000462613
000000462663
000000462709
000000462762
000000462805
000000462875
000000462925
000000462964
000000462998
000000463044
000000463114
000000463179
000000463226
000000463301
000000463325
000000463355
000000463429
000000463469
000000463581
000000463603
000000463620
000000463678
000000463715
000000463781
000000463800
000000463830
000000463875
000000463901
000000463944
000000464030
000000464092
000000464149
000000464207
000000464261
000000464296
000000464328
000000464366
000000464440
000000464534
000000464605
000000464649
000000464744
000000464839
000000464875
000000464906
000000464935
000000464993
000000465047
000000465080
000000465138
000000465156
000000465198
000000465220
000000465266
000000465324
000000465351
000000465407
000000465449
000000465508
000000465603
000000465664
000000465693
000000465735
000000465776
000000465814
000000465854
000000465878
000000465911
000000465973
000000466005
000000466052
000000466097
000000466191
000000466259
000000466265
000000466332
000000466395
000000466466
000000466505
000000466531
000000466573
000000466599
000000466656
000000466723
000000466772
000000466827
000000466863
000000466935
000000466958
000000466974
000000467032
000000467076
000000467126
000000467154
000000467193
000000467204
000000467246
000000467285
000000467339
000000467431
000000467466
000000467475
000000467502
000000467580
000000467604
000000467662
000000467745
000000467760
000000467842
000000467872
000000467925
000000467966
000000468049
000000468137
000000468193
000000468238
000000468287
000000468318
000000468341
000000468354
000000468405
000000468444
000000468484
000000468525
000000468588
000000468626
000000468679
000000468760
000000468825
000000468846
000000468920
000000468992
000000469047
000000469082
000000469135
000000469165
000000469195
000000469237
000000469300
000000469347
000000469392
000000469480
000000469515
000000469556
000000469592
000000469609
000000469638
000000469721
000000469755
000000469803
000000469838
000000469878
000000469913
000000469961
000000470026
000000470049
000000470070
000000470112
000000470147
000000470254
000000470313
000000470370
000000470417
000000470485
000000470553
000000470641
000000470738
000000470774
000000470799
000000470885
000000470925
000000470970
000000471008
000000471028
000000471085
000000471117
000000471179
000000471202
000000471251
000000471287
000000471322
000000471352
000000471376
000000471446
000000471500
000000471535
000000471578
000000471591
000000471609
000000471665
000000471762
000000471790
000000471837
000000471860
000000471895
000000471946
000000472012
000000472058
000000472130
000000472191
000000472224
000000472250
000000472318
000000472367
000000472415
000000472444
000000472463
000000472540
000000472582
000000472622
000000472659
000000472700
000000472762
000000472788
000000472821
000000472841
000000472870
000000472880
000000472913
000000473003
000000473040
000000473060
000000473100
000000473144
000000473196
000000473230
000000473299
000000473347
000000473420
000000473516
000000473555
000000473641
000000473673
000000473712
000000473733
000000473754
000000473896
000000473935
000000473983
000000474031
000000474054
000000474108
000000474168
000000474206
000000474246
000000474283
000000474356
000000474399
000000474423
000000474453
000000474502
000000474545
000000474622
000000474762
000000474800
000000474846
000000474906
000000474955
000000475019
000000475055
000000475218
000000475258
000000475306
000000475357
000000475371
000000475438
000000475466
000000475493
000000475588
000000475645
000000475667
000000475693
000000475735
000000475768
000000475798
000000475840
000000475882
000000475893
000000475929
000000475974
000000476032
000000476061
000000476109
000000476145
000000476220
000000476276
000000476300
000000476331
000000476406
000000476443
000000476465
000000476515
000000476539
000000476624
000000476647
000000476679
000000476706
000000476735
000000476754
000000476812
000000476841
000000476873
000000476913
000000476984
000000477052
000000477077
000000477144
000000477172
000000477222
000000477298
000000477383
000000477417
000000477459
000000477516
000000477585
000000477636
000000477705
000000477782
000000477858
000000477887
000000477924
000000477946
000000478007
000000478035
000000478071
000000478093
000000478140
000000478175
000000478220
000000478287
000000478320
000000478338
000000478376
000000478406
000000478433
000000478480
000000478505
000000478528
000000478567
000000478621
000000478665
000000478741
000000478785
000000478837
000000478868
000000478922
000000478982
000000479023
000000479075
000000479103
000000479172
000000479200
000000479208
000000479315
000000479333
000000479379
000000479395
000000479442
000000479469
000000479495
000000479578
000000479620
000000479663
000000479696
000000479720
000000479762
000000479809
000000479879
000000479914
000000479941
000000480001
000000480016
000000480115
000000480160
000000480205
000000480241
000000480317
000000480415
000000480447
000000480464
000000480490
000000480556
000000480594
000000480643
000000480685
000000480752
000000480793
000000480841
000000480876
000000480950
000000480990
000000481012
000000481090
000000481120
000000481162
000000481172
000000481290
000000481326
000000481398
000000481422
000000481462
000000481521
000000481585
000000481648
000000481670
000000481749
000000481793
000000481880
000000481954
000000481981
000000482064
000000482148
000000482172
000000482210
000000482297
000000482332
000000482393
000000482443
000000482479
000000482505
000000482545
000000482625
000000482720
000000482733
000000482751
000000482766
000000482798
000000482834
000000482929
000000482967
000000483013
000000483047
000000483078
000000483107
000000483142
000000483162
000000483247
000000483285
000000483375
000000483449
000000483475
000000483545
000000483620
000000483656
000000483705
000000483742
000000483781
000000483823
000000483871
000000483928
000000483956
000000484028
000000484059
000000484074
000000484123
000000484206
000000484244
000000484289
000000484321
000000484344
000000484384
000000484414
000000484467
000000484498
000000484575
000000484599
000000484650
000000484689
000000484714
000000484761
000000484835
000000484899
000000484973
000000485082
000000485113
000000485142
000000485202
000000485267
000000485303
000000485406
000000485447
000000485502
000000485547
000000485602
000000485632
000000485680
000000485696
000000485752
000000485798
000000485843
000000485894
000000485917
000000485940
000000485951
000000486002
000000486009
000000486045
000000486081
000000486139
000000486186
000000486233
000000486304
000000486355
000000486376
000000486410
000000486484
000000486503
000000486547
000000486595
000000486632
000000486711
000000486769
000000486788
000000486821
000000486845
000000486905
000000486962
000000486989
000000487060
000000487137
000000487181
000000487217
000000487245
000000487282
000000487359
000000487421
000000487456
000000487467
000000487493
000000487525
000000487551
000000487571
000000487631
000000487685
000000487702
000000487757
000000487825
000000487854
000000487880
000000487930
000000487970
000000488011
000000488059
000000488120
000000488146
000000488201
000000488243
000000488295
000000488362
000000488403
000000488423
000000488457
000000488514
000000488567
000000488658
000000488720
000000488755
000000488787
000000488796
000000488866
000000488918
000000488942
000000488990
000000489031
000000489099
000000489121
000000489183
000000489261
000000489267
000000489346
000000489399
000000489449
000000489482
000000489585
000000489616
000000489721
000000489771
000000489834
000000489896
000000489914
000000489942
000000489961
000000489986
000000490010
000000490046
000000490084
000000490111
000000490153
000000490182
000000490232
000000490261
000000490294
000000490322
000000490338
000000490411
000000490461
000000490489
000000490518
000000490567
000000490596
000000490638
000000490646
000000490695
000000490714
000000490749
000000490851
000000490927
000000490952
000000490993
000000491053
000000491118
000000491172
000000491211
000000491228
000000491268
000000491287
000000491377
000000491427
000000491481
000000491526
000000491581
000000491653
000000491707
000000491742
000000491793
000000491830
000000491850
000000491921
000000491991
000000492030
000000492075
000000492131
000000492170
000000492215
000000492291
000000492339
000000492363
000000492407
000000492440
000000492492
000000492519
000000492547
000000492583
000000492630
000000492677
000000492711
000000492801
000000492882
000000492943
000000493004
000000493110
000000493132
000000493161
000000493197
000000493235
000000493293
000000493329
000000493376
000000493438
000000493482
000000493544
000000493612
000000493704
000000493753
000000493773
000000493797
000000493822
000000493845
000000493859
000000493888
000000493926
000000493953
000000493996
000000494039
000000494085
000000494128
000000494155
000000494192
000000494257
000000494300
000000494383
000000494415
000000494446
000000494498
000000494572
000000494584
000000494608
000000494678
000000494711
000000494749
000000494794
000000494856
000000494940
000000494966
000000495014
000000495043
000000495088
000000495122
000000495167
000000495218
000000495334
000000495357
000000495387
000000495454
000000495487
000000495541
000000495578
000000495625
000000495677
000000495722
000000495734
000000495790
000000495825
000000495852
000000495891
000000495969
000000495993
000000496073
000000496097
000000496121
000000496153
000000496210
000000496264
000000496306
000000496322
000000496401
000000496434
000000496485
000000496506
000000496548
000000496583
000000496632
000000496696
000000496782
000000496818
000000496845
000000496894
000000496920
000000497005
000000497028
000000497096
000000497139
000000497162
000000497187
000000497265
000000497327
000000497384
000000497498
000000497567
000000497622
000000497661
000000497709
000000497797
000000497819
000000497863
000000497907
000000498022
000000498165
000000498228
000000498263
000000498283
000000498339
000000498374
000000498423
000000498449
000000498510
000000498541
000000498610
000000498638
000000498706
000000498769
000000498804
000000498840
000000498931
000000498967
000000498975
000000499037
000000499105
000000499138
000000499164
000000499198
000000499249
000000499281
000000499324
000000499357
000000499391
000000499398
000000499469
000000499532
000000499552
000000499615
000000499662
000000499727
000000499749
000000499786
000000499802
000000499918
000000499950
000000499985
000000500058
000000500084
000000500147
000000500179
000000500226
000000500317
000000500396
000000500434
000000500473
000000500533
000000500594
000000500650
000000500690
000000500784
000000500822
000000500884
000000500944
000000500977
000000501026
000000501047
000000501116
000000501225
000000501257
000000501293
000000501339
000000501377
000000501435
000000501502
000000501540
000000501614
000000501648
000000501694
000000501788
000000501867
000000501917
000000501972
000000502063
000000502104
000000502114
000000502179
000000502231
000000502317
000000502359
000000502393
000000502441
000000502513
000000502605
000000502632
000000502712
000000502749
000000502805
000000502827
000000502863
000000502936
000000502996
000000503015
000000503050
000000503081
000000503106
000000503170
000000503207
000000503255
000000503292
000000503332
000000503404
000000503460
000000503488
000000503502
000000503554
000000503600
000000503640
000000503674
000000503703
000000503718
000000503779
000000503799
000000503832
000000503883
000000503957
000000504013
000000504034
000000504093
000000504123
000000504153
000000504191
000000504265
000000504299
000000504321
000000504396
000000504487
000000504499
000000504540
000000504639
000000504699
000000504827
000000504861
000000504891
000000504909
000000504970
000000505028
000000505057
000000505092
000000505113
000000505157
000000505242
000000505343
000000505400
000000505455
000000505492
000000505528
000000505562
000000505597
000000505657
000000505686
000000505745
000000505814
000000505852
000000505919
000000505939
000000505980
000000506034
000000506066
000000506127
000000506149
000000506201
000000506232
000000506331
000000506377
000000506416
000000506489
000000506544
000000506576
000000506640
000000506699
000000506783
000000506821
000000506890
000000506942
000000507017
000000507091
000000507196
000000507243
000000507293
000000507326
000000507362
000000507397
000000507460
000000507532
000000507551
000000507633
000000507684
000000507756
000000507809
000000507830
000000507889
000000507918
000000507935
000000507958
000000507996
000000508045
000000508151
000000508215
000000508247
000000508286
000000508343
000000508418
000000508481
000000508531
000000508577
000000508634
000000508678
000000508725
000000508809
000000508855
000000508906
000000508939
000000508969
000000509018
000000509049
000000509154
000000509188
000000509244
000000509350
000000509373
000000509402
000000509423
000000509483
000000509497
000000509526
000000509547
000000509587
000000509693
000000509764
000000509792
000000509822
000000509859
000000509949
000000510012
000000510047
000000510096
000000510154
000000510211
000000510230
000000510252
000000510299
000000510333
000000510359
000000510395
000000510423
000000510493
000000510534
000000510579
000000510615
000000510663
000000510684
000000510729
000000510756
000000510799
000000510857
000000510899
000000510962
000000511014
000000511121
000000511157
000000511191
000000511218
000000511254
000000511276
000000511345
000000511393
000000511463
000000511506
000000511587
000000511658
000000511670
000000511713
000000511763
000000511843
000000511853
000000511972
000000512068
000000512116
000000512146
000000512191
000000512263
000000512308
000000512346
000000512419
000000512449
000000512495
000000512545
000000512734
000000512764
000000512797
000000512844
000000512904
000000512944
000000512983
000000513052
000000513077
000000513099
000000513124
000000513168
000000513200
000000513282
000000513361
000000513424
000000513494
000000513513
000000513606
000000513616
000000513699
000000513766
000000513832
000000513873
000000513936
000000513980
000000514018
000000514083
000000514168
000000514200
000000514248
000000514271
000000514318
000000514366
000000514402
000000514426
000000514468
000000514515
000000514557
000000514601
000000514619
000000514676
000000514690
000000514798
000000514890
000000514950
000000515022
000000515065
000000515098
000000515123
000000515204
000000515219
000000515274
000000515300
000000515376
000000515422
000000515430
000000515508
000000515585
000000515668
000000515704
000000515734
000000515785
000000515870
000000515896
000000515938
000000516026
000000516088
000000516146
000000516186
000000516264
000000516339
000000516346
000000516372
000000516416
000000516516
000000516587
000000516598
000000516623
000000516634
000000516732
000000516775
000000516813
000000516846
000000516880
000000516947
000000516985
000000517026
000000517047
000000517095
000000517139
000000517194
000000517276
000000517326
000000517370
000000517408
000000517443
000000517460
000000517472
000000517534
000000517570
000000517612
000000517655
000000517699
000000517772
000000517823
000000517856
000000517890
000000517929
000000518010
000000518030
000000518124
000000518182
000000518215
000000518235
000000518265
000000518359
000000518377
000000518438
000000518511
000000518553
000000518586
000000518610
000000518638
000000518667
000000518729
000000518761
000000518823
000000518855
000000518885
000000518933
000000519024
000000519076
000000519165
000000519228
000000519287
000000519347
000000519405
000000519490
000000519528
000000519566
000000519631
000000519707
000000519731
000000519784
000000519831
000000519850
000000519877
000000519899
000000519945
000000520000
000000520049
000000520109
000000520204
000000520259
000000520378
000000520434
000000520485
000000520546
000000520572
000000520674
000000520685
000000520749
000000520799
000000520840
000000520883
000000520956
000000520980
000000521008
000000521107
000000521165
000000521200
000000521222
000000521296
000000521321
000000521361
000000521465
000000521482
000000521549
000000521605
000000521649
000000521663
000000521697
000000521729
000000521775
000000521824
000000521867
000000521881
000000521914
000000521943
000000521968
000000521994
000000522032
000000522066
000000522160
000000522221
000000522243
000000522262
000000522312
000000522406
000000522452
000000522487
000000522534
000000522613
000000522702
000000522803
000000522916
000000522958
000000522990
000000523035
000000523161
000000523196
000000523244
000000523267
000000523309
000000523332
000000523358
000000523433
000000523473
000000523560
000000523581
000000523664
000000523696
000000523737
000000523795
000000523863
000000523894
000000523959
000000524027
000000524049
000000524068
000000524168
000000524202
000000524257
000000524282
000000524331
000000524373
000000524431
000000524508
000000524551
000000524575
000000524623
000000524651
000000524681
000000524723
000000524777
000000524819
000000524844
000000524887
000000524909
000000524966
000000525020
000000525035
000000525101
000000525171
000000525187
000000525226
000000525300
000000525382
000000525462
000000525513
000000525559
000000525580
000000525619
000000525666
000000525714
000000525790
000000525884
000000525927
000000525990
000000526021
000000526043
000000526082
000000526188
000000526291
000000526359
000000526401
000000526445
000000526514
000000526568
000000526592
000000526622
000000526680
000000526711
000000526758
000000526796
000000526840
000000526874
000000526892
000000526957
000000526980
000000527025
000000527082
000000527163
000000527207
000000527250
000000527291
000000527353
000000527391
000000527480
000000527504
000000527526
000000527562
000000527615
000000527637
000000527717
000000527791
000000527868
000000527899
000000527937
000000528006
000000528030
000000528091
000000528117
000000528148
000000528184
000000528201
000000528243
000000528276
000000528315
000000528404
000000528458
000000528493
000000528631
000000528699
000000528756
000000528800
000000528868
000000528905
000000528937
000000528957
000000529004
000000529065
000000529096
000000529155
000000529215
000000529261
000000529320
000000529360
000000529409
000000529515
000000529542
000000529578
000000529629
000000529670
000000529745
000000529787
000000529838
000000529877
000000529907
000000529956
000000530019
000000530059
000000530154
000000530256
000000530293
000000530342
000000530397
000000530461
000000530535
000000530583
000000530620
000000530655
000000530717
000000530745
000000530783
000000530855
000000530875
000000530925
000000530966
000000531014
000000531032
000000531111
000000531146
000000531171
000000531253
000000531324
000000531385
000000531415
000000531453
000000531488
000000531569
000000531617
000000531662
000000531719
000000531803
000000531844
000000531917
000000531973
000000532007
000000532065
000000532107
000000532145
000000532200
000000532239
000000532277
000000532310
000000532390
000000532419
000000532482
000000532535
000000532580
000000532622
000000532668
000000532710
000000532753
000000532790
000000532810
000000532833
000000532867
000000532933
000000532989
000000533006
000000533055
000000533125
000000533137
000000533176
000000533218
000000533231
000000533291
000000533368
000000533396
000000533454
000000533504
000000533517
000000533550
000000533601
000000533677
000000533770
000000533843
000000533889
000000533942
000000534001
000000534036
000000534045
000000534074
000000534121
000000534141
000000534194
000000534220
000000534300
000000534347
000000534412
000000534443
000000534484
000000534573
000000534655
000000534679
000000534702
000000534763
000000534796
000000534848
000000534866
000000534906
000000534954
000000534983
000000535049
000000535113
000000535141
000000535171
000000535212
000000535292
000000535318
000000535342
000000535422
000000535483
000000535552
000000535593
000000535651
000000535668
000000535732
000000535777
000000535821
000000535889
000000535917
000000535994
000000536010
000000536041
000000536100
000000536179
000000536241
000000536290
000000536318
000000536392
000000536416
000000536433
000000536496
000000536514
000000536554
000000536602
000000536641
000000536716
000000536781
000000536795
000000536831
000000536923
000000536969
000000537069
000000537139
000000537170
000000537280
000000537343
000000537397
000000537441
000000537553
000000537631
000000537710
000000537743
000000537875
000000537890
000000537919
000000537955
000000537999
000000538058
000000538167
000000538214
000000538263
000000538291
000000538359
000000538413
000000538454
000000538513
000000538589
000000538643
000000538709
000000538776
000000538838
000000538912
000000538931
000000538977
000000539026
000000539067
000000539139
000000539196
000000539238
000000539265
000000539298
000000539326
000000539376
000000539395
000000539418
000000539448
000000539498
000000539538
000000539557
000000539632
000000539705
000000539734
000000539768
000000539791
000000539820
000000539848
000000539908
000000539951
000000539984
000000540068
000000540110
000000540175
000000540186
000000540207
000000540265
000000540330
000000540388
000000540459
000000540476
000000540503
000000540538
000000540577
000000540642
000000540695
000000540740
000000540763
000000540789
000000540816
000000540846
000000540869
000000540925
000000540978
000000541072
000000541147
000000541193
000000541264
000000541313
000000541385
000000541474
000000541536
000000541580
000000541631
000000541705
000000541730
000000541783
000000541859
000000541901
000000541944
000000541991
000000542024
000000542070
000000542088
000000542145
000000542163
000000542200
000000542248
000000542307
000000542325
000000542359
000000542412
000000542458
000000542510
000000542529
000000542582
000000542630
000000542662
000000542694
000000542745
000000542792
000000542853
000000542937
000000542960
000000542988
000000543026
000000543062
000000543193
000000543218
000000543239
000000543291
000000543337
000000543364
000000543391
000000543411
000000543447
000000543525
000000543560
000000543608
000000543644
000000543681
000000543697
000000543740
000000543805
000000543855
000000543916
000000543961
000000544035
000000544071
000000544109
000000544127
000000544215
000000544260
000000544279
000000544325
000000544365
000000544396
000000544481
000000544556
000000544582
000000544601
000000544644
000000544695
000000544731
000000544780
000000544819
000000544856
000000544884
000000545000
000000545053
000000545093
000000545124
000000545160
000000545209
000000545237
000000545288
000000545309
000000545329
000000545363
000000545475
000000545534
000000545582
000000545632
000000545679
000000545727
000000545788
000000545874
000000545992
000000546067
000000546133
000000546164
000000546188
000000546242
000000546296
000000546333
000000546412
000000546466
000000546480
000000546531
000000546581
000000546620
000000546655
000000546686
000000546765
000000546869
000000546937
000000546966
000000546984
000000547043
000000547080
000000547106
000000547156
000000547192
000000547247
000000547293
000000547318
000000547367
000000547413
000000547435
000000547460
000000547528
000000547614
000000547643
000000547675
000000547767
000000547796
000000547859
000000547903
000000548011
000000548067
000000548126
000000548198
000000548253
000000548291
000000548331
000000548428
000000548532
000000548546
000000548565
000000548636
000000548690
000000548726
000000548792
000000548834
000000548858
000000548893
000000548926
000000548946
000000549048
000000549114
000000549209
000000549242
000000549301
000000549338
000000549377
000000549413
000000549488
000000549519
000000549556
000000549597
000000549644
000000549687
000000549725
000000549821
000000549886
000000549936
000000549954
000000550001
000000550021
000000550103
000000550144
000000550206
000000550333
000000550365
000000550396
000000550435
000000550477
000000550527
000000550555
000000550642
000000550703
000000550783
000000550842
000000550875
000000550968
000000551036
000000551107
000000551159
000000551227
000000551327
000000551357
000000551433
000000551454
000000551515
000000551550
000000551596
000000551608
000000551650
000000551676
000000551701
000000551752
000000551832
000000551910
000000551936
000000551986
000000552052
000000552075
000000552112
000000552153
000000552167
000000552198
000000552245
000000552297
000000552346
000000552368
000000552432
000000552488
000000552517
000000552579
000000552595
000000552656
000000552685
000000552811
000000552826
000000552866
000000552911
000000552956
000000552977
000000553030
000000553046
000000553081
000000553129
000000553154
000000553188
000000553232
000000553306
000000553330
000000553371
000000553417
000000553488
000000553505
000000553546
000000553561
000000553609
000000553668
000000553758
000000553790
000000553851
000000553867
000000553894
000000553935
000000553969
000000554003
000000554046
000000554082
000000554154
000000554271
000000554310
000000554347
000000554374
000000554439
000000554464
000000554505
000000554568
000000554651
000000554688
000000554744
000000554778
000000554828
000000554860
000000554965
000000555013
000000555045
000000555101
000000555109
000000555143
000000555245
000000555294
000000555311
000000555357
000000555390
000000555456
000000555520
000000555549
000000555606
000000555658
000000555701
000000555738
000000555771
000000555797
000000555811
000000555894
000000555932
000000555982
000000556057
000000556086
000000556108
000000556149
000000556183
000000556216
000000556278
000000556342
000000556370
000000556418
000000556458
000000556512
000000556547
000000556600
000000556624
000000556647
000000556666
000000556752
000000556782
000000556824
000000556843
000000556883
000000556920
000000556982
000000557101
000000557127
000000557163
000000557197
000000557254
000000557313
000000557334
000000557345
000000557375
000000557400
000000557422
000000557496
000000557552
000000557578
000000557640
000000557694
000000557732
000000557812
000000557832
000000557875
000000557931
000000557965
000000558009
000000558036
000000558089
000000558134
000000558171
000000558246
000000558318
000000558406
000000558448
000000558486
000000558528
000000558567
000000558596
000000558635
000000558678
000000558765
000000558798
000000558834
000000558851
000000558886
000000558942
000000558983
000000559024
000000559051
000000559127
000000559159
000000559195
000000559261
000000559331
000000559403
000000559438
000000559453
000000559484
000000559565
000000559633
000000559721
000000559773
000000559876
000000559948
000000559995
000000560018
000000560088
000000560143
000000560172
000000560222
000000560254
000000560307
000000560359
000000560384
000000560437
000000560466
000000560544
000000560580
000000560613
000000560624
000000560632
000000560640
000000560715
000000560786
000000560850
000000560893
000000560943
000000560989
000000561014
000000561047
000000561100
000000561131
000000561177
000000561199
000000561270
000000561314
000000561361
000000561407
000000561437
000000561487
000000561560
000000561577
000000561620
000000561650
000000561677
000000561724
000000561756
000000561785
000000561818
000000561907
000000561931
000000561967
000000562067
000000562084
000000562144
000000562196
000000562317
000000562356
000000562382
000000562433
000000562495
000000562527
000000562582
000000562614
000000562650
000000562741
000000562805
000000562830
000000562850
000000562879
000000563011
000000563046
000000563062
000000563129
000000563163
000000563194
000000563243
000000563292
000000563302
000000563323
000000563342
000000563396
000000563458
000000563562
000000563593
000000563655
000000563711
000000563764
000000563798
000000563871
000000563912
000000563927
000000563961
000000564031
000000564073
000000564109
000000564151
000000564183
000000564232
000000564265
000000564294
000000564317
000000564419
000000564449
000000564475
000000564496
000000564544
000000564589
000000564631
000000564654
000000564687
000000564708
000000564745
000000564803
000000564830
000000564883
000000564936
000000565031
000000565081
000000565112
000000565160
000000565203
000000565257
000000565310
000000565332
000000565399
000000565446
000000565514
000000565571
000000565612
000000565648
000000565714
000000565742
000000565780
000000565834
000000565921
000000565947
000000565993
000000566027
000000566049
000000566076
000000566128
000000566193
000000566237
000000566277
000000566331
000000566375
000000566419
000000566470
000000566512
000000566550
000000566634
000000566670
000000566724
000000566762
000000566837
000000566931
000000566993
000000567057
000000567093
000000567186
000000567253
000000567304
000000567332
000000567384
000000567430
000000567453
000000567518
000000567566
000000567644
000000567671
000000567706
000000567730
000000567793
000000567836
000000567863
000000567949
000000568005
000000568068
000000568087
000000568111
000000568131
000000568150
000000568187
000000568238
000000568281
000000568403
000000568425
000000568462
000000568549
000000568628
000000568668
000000568744
000000568830
000000568893
000000568947
000000568984
000000569075
000000569158
000000569242
000000569294
000000569325
000000569349
000000569379
000000569432
000000569452
000000569500
000000569525
000000569543
000000569599
000000569706
000000569750
000000569801
000000569850
000000569900
000000569958
000000570016
000000570069
000000570088
000000570175
000000570207
000000570280
000000570307
000000570344
000000570360
000000570403
000000570440
000000570538
000000570569
000000570628
000000570714
000000570760
000000570779
000000570788
000000570824
000000570876
000000571012
000000571051
000000571125
000000571160
000000571193
000000571249
000000571343
000000571385
000000571415
000000571485
000000571513
000000571564
000000571610
000000571638
000000571657
000000571721
000000571774
000000571803
000000571865
000000571929
000000571948
000000571989
000000572015
000000572036
000000572089
000000572171
000000572229
000000572260
000000572284
000000572349
000000572358
000000572411
000000572443
000000572487
000000572546
000000572574
000000572615
000000572665
000000572702
000000572749
000000572765
000000572825
000000572876
000000572894
000000572978
000000573033
000000573066
000000573119
000000573166
000000573232
000000573263
000000573355
000000573388
000000573431
000000573479
000000573546
000000573572
000000573627
000000573749
000000573784
000000573854
000000573885
000000573920
000000573935
000000573967
000000573993
000000574014
000000574057
000000574094
000000574135
000000574147
000000574166
000000574221
000000574250
000000574281
000000574324
000000574349
000000574376
000000574402
000000574462
000000574487
000000574507
000000574579
000000574667
000000574703
000000574735
000000574790
000000574845
000000574901
000000574940
000000574977
000000574996
000000575074
000000575173
000000575197
000000575227
000000575267
000000575303
000000575355
000000575391
000000575437
000000575496
000000575534
000000575606
000000575624
000000575648
000000575758
000000575823
000000575863
000000575904
000000575922
000000575997
000000576017
000000576082
000000576119
000000576158
000000576206
000000576239
000000576327
000000576398
000000576421
000000576483
000000576537
000000576583
000000576625
000000576652
000000576684
000000576709
000000576752
000000576789
000000576849
000000576877
000000576938
000000576963
000000576996
000000577052
000000577079
000000577125
000000577206
000000577219
000000577265
000000577355
000000577411
000000577434
000000577512
000000577532
000000577589
000000577619
000000577643
000000577669
000000577749
000000577796
000000577826
000000577857
000000577907
000000577949
000000577979
000000578030
000000578082
000000578130
000000578171
000000578221
000000578276
000000578324
000000578350
000000578383
000000578427
000000578467
000000578498
000000578567
000000578626
000000578671
000000578703
000000578736
000000578752
000000578786
000000578819
000000578856
000000578958
000000578990
000000579003
000000579065
000000579123
000000579186
000000579213
000000579239
000000579291
000000579362
000000579437
000000579541
000000579593
000000579664
000000579700
000000579739
000000579781
000000579822
000000579885
000000579925
000000579952
000000580003
000000580051
000000580146
000000580235
000000580345
000000580406
000000580461
000000580512
000000580591
000000580652
000000580704
000000580765
000000580797
000000580829
000000580862
000000580916
000000580951
000000580979
000000581009
000000581056
000000581081
000000581218
000000581297
000000581348
000000581393
000000581437
000000581499
000000581539
000000581572
000000581605
000000581702
000000581731
000000581795
000000581821
000000581881
000000581887
000000581929